"Nyssa","Dorgan","ndorgan5@sf_tuts.com","7 Tomscot Way","Pampas Chico","2017-04-13"
"Catherin","Devereu","cdevereu6@sf_tuts.co.au","535 Basil Terrace","Magapit","2016-12-17"
"Grazia","Glaserman","gglaserman7@sf_tuts.com","162 Debra Lane","Shiquanhe","2017-06-06"
"Ivett","Casemore","icasemore8@sf_tuts.com","84 Holmberg Pass","Campina Grande","2017-03-29"
"Cesar","Hovie","chovie9@sf_tuts.com","5 7th Pass","Miami","2016-12-21"
"Althea","Featherstone","afeatherstona@sf_tuts.com","8172 Browning Street, Apt B","Calatrava","2017-07-12"
"Hollis","Anneslie","hanneslieb@sf_tuts.com","3248 Roth Park","Aleysk","2017-11-16"
"Betti","Cicco","bciccoc@sf_tuts.com","121 Victoria Junction","Sinegor'ye","2017-06-22"
"Brendon","Durnall","bdurnalld@sf_tuts.com","26814 Weeping Birch Place","Sabadell","2017-11-14"
"Kylila","MacConnal","kmacconnale@sf_tuts.com","04 Valley Edge Court","Qingshu","2017-06-22"
