first_name,last_name,email,gender,birthday,job
Rhys,Napleton,rnapleton0@economist.com,Female,1982-04-19 23:08:40,Financial Advisor
Klarika,Stot,kstot1@vinaora.com,Non-binary,1982-04-20 21:16:18,Geologist IV
Xymenes,Tudbald,xtudbald2@nba.com,Non-binary,2015-03-08 21:18:53,Assistant Media Planner
Bendick,Scheffel,bscheffel3@google.nl,Bigender,1980-03-06 13:21:29,Nurse
Rania,Broggetti,rbroggetti4@toplist.cz,Polygender,1982-02-27 05:18:53,Quality Control Specialist
Gertruda,Kneal,gkneal5@wp.com,Genderqueer,1992-04-26 06:12:59,Graphic Designer
Deanna,Schirak,dschirak6@addthis.com,Female,2011-01-05 00:28:39,Professor
Donal,Barrass,dbarrass7@ftc.gov,Male,1997-09-24 11:23:39,Nurse Practicioner
Gilli,Huot,ghuot8@instagram.com,Female,1965-06-25 06:56:54,Office Assistant III
Carine,McClurg,cmcclurg9@economist.com,Male,1999-01-07 03:14:02,Teacher
Wynnie,Wharton,wwhartona@about.com,Male,1997-08-01 06:09:00,Statistician II
Welbie,Slater,wslaterb@naver.com,Agender,2018-10-24 13:23:06,GIS Technical Architect
Juline,Kiehl,jkiehlc@com.com,Genderqueer,1983-05-07 22:08:30,Human Resources Manager
Kipp,Zuan,kzuand@technorati.com,Genderqueer,1953-06-10 12:10:17,Food Chemist
Krispin,Ambrozik,kambrozike@flavors.me,Female,1973-05-18 15:39:42,Administrative Assistant III
Tracie,Cordell,tcordellf@dmoz.org,Agender,1970-07-11 01:54:52,Graphic Designer
Bendix,Sellwood,bsellwoodg@angelfire.com,Genderfluid,1998-04-21 05:06:15,Clinical Specialist
Tish,MacGraith,tmacgraithh@naver.com,Bigender,1985-12-22 03:16:18,Physical Therapy Assistant
Hyacintha,Beves,hbevesi@slideshare.net,Polygender,2017-03-17 23:13:27,VP Quality Control
Guglielma,Chaperling,gchaperlingj@gnu.org,Male,1978-11-10 12:50:04,Administrative Assistant I
Stanly,Purry,spurryk@cisco.com,Agender,1969-11-12 23:33:52,Software Consultant
Hetty,Sorel,hsorell@xrea.com,Genderfluid,1959-08-06 23:51:30,Mechanical Systems Engineer
Forrest,Tungate,ftungatem@shutterfly.com,Non-binary,2005-04-29 18:59:04,Occupational Therapist
Cindie,Anning,canningn@fotki.com,Non-binary,1998-05-10 22:09:54,Occupational Therapist
Abbe,Kytley,akytleyo@webeden.co.uk,Male,1963-07-09 03:52:44,Account Coordinator
Amandy,Allom,aallomp@mapy.cz,Male,2001-12-04 09:47:47,Pharmacist
Darda,Antonopoulos,dantonopoulosq@prnewswire.com,Genderfluid,2008-07-03 08:53:02,Business Systems Development Analyst
Clarance,Hubach,chubachr@hatena.ne.jp,Non-binary,2021-06-21 00:27:25,Financial Analyst
Corina,Dyhouse,cdyhouses@wp.com,Bigender,2020-07-14 04:12:25,Assistant Manager
Burch,Pacitti,bpacittit@oaic.gov.au,Bigender,2018-05-14 00:11:42,Teacher
Diane-marie,Lightollers,dlightollersu@nba.com,Agender,1966-08-15 17:11:53,Senior Developer
Renard,Craddock,rcraddockv@mit.edu,Polygender,1982-03-18 20:24:14,Senior Developer
Teodoor,Garey,tgareyw@uol.com.br,Male,2008-02-17 04:44:55,Senior Developer
Rip,Johnson,rjohnsonx@columbia.edu,Non-binary,1950-12-02 03:54:14,Nurse
Karlotta,Brazener,kbrazenery@skyrock.com,Bigender,1974-03-05 19:35:06,Accounting Assistant II
Yorgo,Stallard,ystallardz@t.co,Female,1997-06-17 06:32:55,Social Worker
Kippy,Snepp,ksnepp10@t.co,Genderfluid,1958-09-12 08:19:27,Automation Specialist III
Lucita,Kenworthey,lkenworthey11@biglobe.ne.jp,Non-binary,1985-11-18 05:12:22,Clinical Specialist
Bartlett,Jeandeau,bjeandeau12@bandcamp.com,Bigender,1969-11-22 06:07:12,Chemical Engineer
Lorenzo,Morando,lmorando13@shinystat.com,Agender,1965-06-27 05:16:31,Technical Writer
Vania,Konke,vkonke14@ibm.com,Non-binary,1993-04-08 17:47:42,Nurse Practicioner
Nikolas,Karpenya,nkarpenya15@reuters.com,Bigender,1962-01-02 23:48:47,Software Consultant
Vinson,Renol,vrenol16@mayoclinic.com,Polygender,1976-01-06 05:25:19,Analyst Programmer
Miran,Karpmann,mkarpmann17@narod.ru,Non-binary,2005-11-06 03:29:05,Compensation Analyst
Yorgos,Stockhill,ystockhill18@opensource.org,Bigender,1964-04-09 16:31:41,Chemical Engineer
Orly,Slucock,oslucock19@edublogs.org,Male,1964-12-04 03:19:39,Staff Accountant II
Zachary,Foxcroft,zfoxcroft1a@weibo.com,Male,1972-02-24 19:01:22,Sales Associate
Bram,Carrington,bcarrington1b@wiley.com,Polygender,1996-04-23 21:21:53,Graphic Designer
Barnebas,Taffie,btaffie1c@eepurl.com,Female,1957-04-29 20:03:33,VP Marketing
Giulietta,Rolles,grolles1d@bandcamp.com,Non-binary,2004-09-17 12:32:03,Senior Quality Engineer
Sadye,Batrick,sbatrick1e@google.ca,Female,2006-12-01 04:14:10,Operator
Mellie,Ruddle,mruddle1f@tinypic.com,Bigender,1962-05-22 23:01:29,Editor
Iris,Kleynen,ikleynen1g@ihg.com,Female,1960-09-08 19:49:44,Web Developer III
Romola,Mewett,rmewett1h@cbc.ca,Male,1977-05-24 05:37:59,Environmental Specialist
Curtis,Fairrie,cfairrie1i@nyu.edu,Female,1958-10-29 03:56:45,Recruiter
Amaleta,Frankcomb,afrankcomb1j@quantcast.com,Female,1963-11-24 22:08:53,Programmer I
Salomon,Montilla,smontilla1k@bandcamp.com,Genderqueer,1973-08-26 00:18:39,Environmental Specialist
Arnie,MacPharlain,amacpharlain1l@quantcast.com,Genderfluid,1980-06-02 06:21:25,Actuary
Lolly,Harriss,lharriss1m@goodreads.com,Male,2012-12-13 04:53:26,Help Desk Operator
Fax,Wilstead,fwilstead1n@gravatar.com,Male,2011-04-15 03:54:17,Account Representative IV
Pollyanna,Matasov,pmatasov1o@slideshare.net,Bigender,2012-11-26 04:37:05,Community Outreach Specialist
Alameda,Waterfield,awaterfield1p@vkontakte.ru,Genderfluid,1980-04-21 10:06:47,Computer Systems Analyst I
Faun,Kornousek,fkornousek1q@google.com.au,Agender,1969-11-03 21:57:47,Data Coordiator
Hana,Fuggle,hfuggle1r@cloudflare.com,Non-binary,1976-07-15 09:42:57,Research Nurse
Cassondra,Hobbert,chobbert1s@sitemeter.com,Bigender,2014-01-13 23:51:28,Sales Associate
Quinn,Macguire,qmacguire1t@tripadvisor.com,Polygender,1970-09-02 20:28:56,Junior Executive
Pavel,Beachamp,pbeachamp1u@wordpress.com,Female,1965-11-03 15:22:17,Paralegal
Thom,Doni,tdoni1v@altervista.org,Genderfluid,1962-10-07 14:27:58,VP Quality Control
Ingram,Cobello,icobello1w@ehow.com,Female,2010-11-13 00:56:13,Paralegal
Zaneta,Popescu,zpopescu1x@list-manage.com,Female,2016-03-12 02:49:01,Budget/Accounting Analyst III
Alexandre,Christopherson,achristopherson1y@disqus.com,Non-binary,1965-08-01 16:43:31,Geologist I
Ferrel,Muffitt,fmuffitt1z@slideshare.net,Male,1996-06-22 23:49:58,Civil Engineer
Bridget,Skehens,bskehens20@sun.com,Non-binary,1991-05-06 11:56:35,Paralegal
Dewain,Sandifer,dsandifer21@zdnet.com,Polygender,1973-04-05 20:47:50,Director of Sales
Loy,Coule,lcoule22@huffingtonpost.com,Non-binary,1962-01-28 13:14:57,VP Sales
Conan,Piscot,cpiscot23@csmonitor.com,Polygender,2015-06-10 10:54:57,Recruiting Manager
Gaspard,Anear,ganear24@google.fr,Bigender,2001-01-04 20:31:26,Budget/Accounting Analyst III
Nani,Leander,nleander25@stanford.edu,Genderfluid,1998-05-15 07:04:51,Nurse Practicioner
Anestassia,Kirwan,akirwan26@typepad.com,Genderqueer,1982-07-24 09:32:48,Desktop Support Technician
Baldwin,Gunther,bgunther27@vinaora.com,Genderqueer,2011-06-08 04:32:19,General Manager
Muhammad,O'Gready,mogready28@nih.gov,Genderqueer,1979-07-11 18:04:00,Human Resources Manager
Dominga,Indgs,dindgs29@ocn.ne.jp,Female,2013-11-20 20:31:27,Analog Circuit Design manager
Antonie,Coneley,aconeley2a@edublogs.org,Female,1954-06-30 04:03:38,Design Engineer
Derby,Doerr,ddoerr2b@linkedin.com,Genderfluid,2017-05-23 03:00:16,Research Associate
Isobel,Jurkowski,ijurkowski2c@google.de,Non-binary,2020-03-19 15:13:04,Help Desk Technician
Vinita,Windrass,vwindrass2d@bandcamp.com,Genderfluid,1985-09-18 12:35:25,Internal Auditor
Claudia,Menhenitt,cmenhenitt2e@skyrock.com,Genderfluid,1985-06-12 07:14:40,Quality Engineer
Tripp,Mityakov,tmityakov2f@samsung.com,Genderfluid,1968-11-06 16:42:57,Computer Systems Analyst IV
Celestine,Hamill,chamill2g@earthlink.net,Non-binary,1957-01-16 19:42:19,Executive Secretary
Les,Benion,lbenion2h@youku.com,Agender,1953-06-11 13:40:35,Professor
Raffaello,Teodori,rteodori2i@imdb.com,Polygender,1980-10-15 11:01:38,Budget/Accounting Analyst III
Serena,Kornousek,skornousek2j@sfgate.com,Bigender,1973-05-29 12:37:32,Software Consultant
Gradeigh,O'Hdirscoll,gohdirscoll2k@over-blog.com,Male,2010-08-30 11:33:20,Budget/Accounting Analyst IV
Shirley,Abrahmovici,sabrahmovici2l@friendfeed.com,Polygender,1977-03-26 11:58:28,Tax Accountant
Dore,McConnell,dmcconnell2m@icq.com,Agender,1954-04-10 12:20:26,Administrative Officer
Estel,Balham,ebalham2n@unesco.org,Genderfluid,1997-01-01 17:43:05,Staff Scientist
Wiley,Lembrick,wlembrick2o@cbslocal.com,Agender,1983-03-17 20:46:11,Senior Cost Accountant
Tiertza,Element,telement2p@mit.edu,Female,2000-04-10 11:08:45,VP Accounting
Isaiah,Kos,ikos2q@wired.com,Polygender,1967-11-29 23:04:35,VP Sales
Olia,Franscioni,ofranscioni2r@theguardian.com,Non-binary,1980-04-17 23:36:12,Geological Engineer
Clevie,Beaten,cbeaten2s@skyrock.com,Bigender,1958-04-16 09:50:48,Editor
Wallis,Densham,wdensham2t@umich.edu,Genderqueer,1972-06-26 22:33:41,General Manager
Justen,Degli Antoni,jdegliantoni2u@army.mil,Genderfluid,2017-07-05 11:20:39,Structural Analysis Engineer
Robert,Stroban,rstroban2v@privacy.gov.au,Genderqueer,2012-11-23 03:12:56,VP Quality Control
Eleanora,McGloughlin,emcgloughlin2w@wordpress.org,Agender,2018-11-06 16:41:01,Sales Representative
Lisbeth,Rosenstein,lrosenstein2x@delicious.com,Non-binary,1987-03-16 02:16:35,Nuclear Power Engineer
Vin,Dunham,vdunham2y@epa.gov,Male,1984-05-07 09:27:52,Environmental Specialist
Kalinda,Nelle,knelle2z@google.com.au,Male,2004-07-29 04:50:57,Senior Cost Accountant
Garwin,MacArthur,gmacarthur30@amazon.com,Genderqueer,1973-06-02 04:09:05,Legal Assistant
Mac,Diaper,mdiaper31@amazon.co.uk,Male,1952-01-07 21:47:05,Software Consultant
Cassondra,Tunna,ctunna32@lulu.com,Non-binary,1988-07-09 13:30:32,Financial Advisor
Emilia,Bridgens,ebridgens33@hubpages.com,Male,1991-10-23 14:15:59,Payment Adjustment Coordinator
Erena,Woolgar,ewoolgar34@tuttocitta.it,Male,2004-10-19 01:35:15,Nurse
Amii,Thickins,athickins35@edublogs.org,Non-binary,1966-11-22 18:20:18,Environmental Tech
Rosa,Stoppard,rstoppard36@sun.com,Genderqueer,2016-06-22 11:12:40,Nuclear Power Engineer
Westleigh,Lemary,wlemary37@irs.gov,Non-binary,1969-04-12 18:13:59,Clinical Specialist
Adria,Kares,akares38@columbia.edu,Polygender,2009-12-14 22:31:22,Structural Analysis Engineer
Tamiko,Eastman,teastman39@house.gov,Non-binary,2008-01-27 21:38:45,VP Product Management
Marcellus,Durkin,mdurkin3a@printfriendly.com,Genderqueer,1956-05-21 08:50:46,Tax Accountant
Tatum,Petkens,tpetkens3b@wikia.com,Female,1984-01-12 06:27:47,Analyst Programmer
Verne,Parrin,vparrin3c@reuters.com,Bigender,2009-09-12 01:15:26,Account Representative III
Nani,Jeanequin,njeanequin3d@bloomberg.com,Genderfluid,1987-11-27 05:29:26,Media Manager II
Shelby,Lipman,slipman3e@bing.com,Female,1995-07-17 02:43:42,Staff Accountant II
Gussi,De Filippis,gdefilippis3f@ovh.net,Genderfluid,1977-02-26 11:36:21,Design Engineer
Janek,Riccardi,jriccardi3g@meetup.com,Genderqueer,1985-04-27 12:31:11,Desktop Support Technician
Madonna,Buckingham,mbuckingham3h@over-blog.com,Agender,2001-06-16 19:21:58,Nurse
Ingrid,Ebbutt,iebbutt3i@nymag.com,Bigender,1966-10-24 22:50:57,Senior Cost Accountant
Terrell,Ramsell,tramsell3j@freewebs.com,Bigender,1963-05-17 02:25:36,Legal Assistant
Stacee,Suggate,ssuggate3k@msn.com,Female,2014-12-10 10:52:46,Actuary
Dene,Dullaghan,ddullaghan3l@topsy.com,Female,2012-07-29 05:41:42,Assistant Professor
Reggi,Wike,rwike3m@mapquest.com,Genderqueer,1987-08-25 00:52:07,Executive Secretary
Ellette,Klaaasen,eklaaasen3n@cbsnews.com,Polygender,2007-08-17 03:25:28,Account Representative III
Carmita,Bamell,cbamell3o@wufoo.com,Bigender,2011-06-15 22:40:39,Administrative Officer
Neron,Darbishire,ndarbishire3p@comcast.net,Male,1982-07-12 08:38:21,Staff Scientist
Leanora,Hazart,lhazart3q@tinyurl.com,Genderqueer,2003-11-14 16:40:33,Nuclear Power Engineer
Moishe,Shere,mshere3r@house.gov,Genderqueer,1994-06-25 16:21:18,Project Manager
Carrissa,Mynett,cmynett3s@adobe.com,Agender,1986-10-04 21:35:28,Software Consultant
Janaye,Whitelock,jwhitelock3t@pbs.org,Female,1986-06-26 21:51:49,Analyst Programmer
Yolanthe,Stoyle,ystoyle3u@aboutads.info,Polygender,1972-12-11 11:15:40,VP Quality Control
Madelena,Hawley,mhawley3v@theglobeandmail.com,Bigender,1970-10-04 02:25:42,Assistant Media Planner
Angelia,Spennock,aspennock3w@wsj.com,Genderqueer,1970-03-19 07:40:31,Recruiter
Mitchael,Carbine,mcarbine3x@amazonaws.com,Non-binary,2002-12-17 21:52:57,Director of Sales
Bryana,Paddick,bpaddick3y@sbwire.com,Genderfluid,1993-11-03 19:29:59,Senior Financial Analyst
Lexy,Sharples,lsharples3z@skyrock.com,Female,1997-11-28 04:10:48,Recruiting Manager
Idalina,Lettsom,ilettsom40@gravatar.com,Bigender,1987-09-10 07:05:03,Pharmacist
Ashton,Piers,apiers41@epa.gov,Genderqueer,2016-07-30 17:50:15,Marketing Manager
Jesus,Lehrer,jlehrer42@infoseek.co.jp,Genderfluid,1975-03-20 19:49:19,Professor
Joshia,Glasscoo,jglasscoo43@usnews.com,Non-binary,1988-12-13 13:46:17,Financial Analyst
Valentine,Blonfield,vblonfield44@arizona.edu,Male,1972-05-14 22:53:49,Recruiting Manager
Orelia,Howat,ohowat45@spotify.com,Female,2018-05-14 21:37:23,Database Administrator IV
Peyter,Doornbos,pdoornbos46@cbc.ca,Agender,1959-08-12 00:44:11,Web Designer III
Thoma,Richley,trichley47@qq.com,Genderfluid,1972-10-13 04:04:30,Quality Engineer
Nissa,Beardwell,nbeardwell48@youku.com,Polygender,2007-08-02 13:23:19,Statistician IV
Melli,Brazenor,mbrazenor49@salon.com,Female,1955-09-13 05:40:30,VP Accounting
Jonathon,Tracey,jtracey4a@mozilla.com,Bigender,1960-03-29 10:41:10,Programmer IV
Baird,Braddick,bbraddick4b@china.com.cn,Female,2000-03-19 04:13:50,Accounting Assistant IV
Madelle,Kellock,mkellock4c@princeton.edu,Genderqueer,1953-02-10 15:20:00,Media Manager II
Adelina,Wayt,awayt4d@census.gov,Male,2007-03-27 20:25:49,Account Coordinator
Giff,Peregrine,gperegrine4e@odnoklassniki.ru,Male,1954-01-07 23:49:42,Systems Administrator III
Misti,Kellick,mkellick4f@list-manage.com,Polygender,1959-04-13 05:36:09,Administrative Officer
Fidela,Breslauer,fbreslauer4g@nytimes.com,Male,1996-07-10 09:02:07,Safety Technician IV
Donia,Feyer,dfeyer4h@uol.com.br,Genderqueer,1968-04-26 01:51:48,Editor
Thomas,Huller,thuller4i@booking.com,Female,1965-11-04 08:21:37,VP Sales
Quinn,Kirkhouse,qkirkhouse4j@spiegel.de,Polygender,2018-02-24 16:32:05,Civil Engineer
Inna,Fielden,ifielden4k@tripadvisor.com,Non-binary,1978-01-20 03:59:32,Help Desk Technician
Ada,Caudrey,acaudrey4l@privacy.gov.au,Non-binary,1975-12-01 08:07:15,Chemical Engineer
Mayor,Stollenhof,mstollenhof4m@dagondesign.com,Genderfluid,2007-05-29 00:07:59,Senior Quality Engineer
Myrtle,Treuge,mtreuge4n@friendfeed.com,Non-binary,2017-11-03 03:06:25,Junior Executive
Rusty,Raeburn,rraeburn4o@indiegogo.com,Female,2020-12-15 06:46:32,Nurse
Manolo,Windless,mwindless4p@so-net.ne.jp,Genderfluid,1977-04-28 08:31:09,Project Manager
Trista,Anglish,tanglish4q@columbia.edu,Male,1991-10-21 08:02:21,Software Consultant
Charlton,Demke,cdemke4r@alibaba.com,Polygender,2001-07-12 13:16:58,Graphic Designer
Ariel,Emms,aemms4s@jiathis.com,Genderqueer,1979-05-22 05:13:05,Analog Circuit Design manager
Rudie,Goggin,rgoggin4t@privacy.gov.au,Female,1964-01-17 16:08:57,Civil Engineer
Nance,Kalinovich,nkalinovich4u@topsy.com,Polygender,2009-04-01 11:08:35,Human Resources Manager
Myrtia,Squelch,msquelch4v@hostgator.com,Agender,1977-02-25 19:01:06,Sales Associate
Coralie,Darlasson,cdarlasson4w@bloglovin.com,Male,1979-11-25 16:57:51,Editor
Adey,Herrema,aherrema4x@constantcontact.com,Non-binary,1967-09-15 14:30:20,Information Systems Manager
Lars,Cristobal,lcristobal4y@a8.net,Female,1966-07-15 13:24:50,Project Manager
Winona,Oxbrow,woxbrow4z@go.com,Female,2019-02-18 18:50:42,Graphic Designer
Dominica,Favela,dfavela50@mayoclinic.com,Genderfluid,2009-07-26 11:13:33,Social Worker
Gaultiero,Elfleet,gelfleet51@51.la,Female,1960-12-03 07:57:32,Actuary
Erroll,Mandy,emandy52@pbs.org,Male,1998-02-07 20:31:21,Compensation Analyst
Tabitha,Josovitz,tjosovitz53@so-net.ne.jp,Genderqueer,1996-09-14 16:29:36,Human Resources Assistant III
Philbert,Treagus,ptreagus54@abc.net.au,Bigender,2004-01-11 22:16:48,Developer I
Yancey,Gayforth,ygayforth55@state.tx.us,Genderfluid,2009-07-02 12:00:47,Marketing Manager
Urbano,Kirdsch,ukirdsch56@cloudflare.com,Polygender,1974-01-07 18:30:25,Media Manager II
Rodolph,Gremain,rgremain57@slate.com,Female,2001-01-18 16:50:20,Nuclear Power Engineer
Marquita,Dalgarnocht,mdalgarnocht58@etsy.com,Male,2012-05-27 13:18:55,VP Accounting
Orazio,Streak,ostreak59@liveinternet.ru,Genderqueer,1957-08-29 06:32:48,Senior Editor
Henrietta,Vigietti,hvigietti5a@w3.org,Male,2010-03-11 01:37:26,VP Accounting
Mendy,Lowmass,mlowmass5b@163.com,Genderqueer,1970-12-06 04:57:07,Legal Assistant
Curcio,Ransome,cransome5c@so-net.ne.jp,Polygender,1995-08-05 22:59:54,VP Sales
Gun,Larenson,glarenson5d@last.fm,Polygender,2004-02-10 19:13:09,Social Worker
Sukey,Bhatia,sbhatia5e@elegantthemes.com,Genderfluid,1958-01-31 05:17:44,Product Engineer
Julia,Gilhouley,jgilhouley5f@google.com.hk,Bigender,1964-11-22 22:53:47,General Manager
Skipton,McNirlan,smcnirlan5g@free.fr,Male,2005-03-26 20:23:07,Financial Advisor
Junina,Janata,jjanata5h@disqus.com,Polygender,2017-01-29 12:16:02,Design Engineer
Caty,Volke,cvolke5i@about.com,Genderqueer,1966-04-27 22:38:19,Account Coordinator
Melody,Mawtus,mmawtus5j@va.gov,Non-binary,2014-07-08 08:14:10,Dental Hygienist
Maryellen,McGlade,mmcglade5k@simplemachines.org,Polygender,1962-03-19 21:18:38,Teacher
Sashenka,Dewire,sdewire5l@addtoany.com,Female,2008-04-11 00:18:05,Budget/Accounting Analyst II
Andrea,Cuff,acuff5m@elpais.com,Genderqueer,1968-04-30 03:35:34,Electrical Engineer
Demetre,Meldon,dmeldon5n@technorati.com,Non-binary,1990-04-22 07:00:05,Web Designer II
Barnett,Joney,bjoney5o@ted.com,Genderfluid,1972-11-04 13:01:59,VP Marketing
Arney,Leal,aleal5p@bigcartel.com,Bigender,2010-11-15 01:13:15,Senior Developer
Ryann,Ales0,rales5q@spiegel.de,Male,2005-09-12 08:18:58,Tax Accountant
Frederic,Beneze,fbeneze5r@wp.com,Non-binary,1975-02-14 17:18:56,Registered Nurse
Anatol,Isaksson,aisaksson5s@furl.net,Male,1994-01-26 22:58:05,Computer Systems Analyst I
Rad,Callen,rcallen5t@aboutads.info,Non-binary,1972-03-17 10:03:38,Data Coordiator
Garey,Orehead,gorehead5u@blogger.com,Male,2000-09-04 14:37:52,Structural Analysis Engineer
Brant,Mussett,bmussett5v@blog.com,Polygender,2020-08-30 04:34:08,Budget/Accounting Analyst III
Franzen,Thing,fthing5w@archive.org,Agender,1984-02-18 19:46:08,Help Desk Technician
Chancey,Duffill,cduffill5x@bloomberg.com,Polygender,2003-03-01 17:18:43,Analog Circuit Design manager
Riley,Pepper,rpepper5y@desdev.cn,Male,1961-01-16 07:26:31,Environmental Specialist
Darcey,Brackstone,dbrackstone5z@va.gov,Bigender,2004-11-05 00:53:38,VP Product Management
Mayor,Mergue,mmergue60@microsoft.com,Non-binary,1995-02-27 17:50:59,Staff Accountant II
Gabbie,Karlsson,gkarlsson61@businessweek.com,Genderfluid,2018-04-05 15:23:29,Automation Specialist III
Di,Selwin,dselwin62@gnu.org,Female,2011-08-06 23:47:09,Occupational Therapist
Emanuel,Risely,erisely63@marriott.com,Female,1996-10-28 05:55:39,Cost Accountant
Vincents,Coldtart,vcoldtart64@ask.com,Female,2014-11-06 09:56:16,GIS Technical Architect
Walton,Knyvett,wknyvett65@nasa.gov,Agender,1955-08-11 09:04:12,Quality Control Specialist
Hurley,Chazier,hchazier66@360.cn,Genderfluid,1978-03-14 07:31:19,Recruiting Manager
Phip,Burlingame,pburlingame67@harvard.edu,Bigender,1972-05-17 01:08:38,Research Associate
Tate,Gwyer,tgwyer68@businessweek.com,Male,1988-01-23 15:27:07,Senior Quality Engineer
Bathsheba,Kernermann,bkernermann69@answers.com,Female,1976-06-20 20:22:46,Paralegal
Clary,Muress,cmuress6a@lycos.com,Male,1978-10-06 08:47:07,Software Consultant
Rollie,Dowden,rdowden6b@nbcnews.com,Agender,1994-09-30 02:38:14,VP Marketing
Johan,Cardus,jcardus6c@paypal.com,Non-binary,1981-08-13 14:57:20,Nurse
Haleigh,Darycott,hdarycott6d@independent.co.uk,Genderqueer,1993-07-24 23:51:21,Professor
Dedie,Dewdney,ddewdney6e@rediff.com,Male,1971-08-01 04:42:32,Administrative Officer
Josey,Blodg,jblodg6f@desdev.cn,Non-binary,1959-03-31 03:43:41,Account Representative III
Skip,Northey,snorthey6g@live.com,Genderfluid,1958-07-15 03:52:42,Speech Pathologist
Gwynne,Tilley,gtilley6h@typepad.com,Bigender,1958-08-18 13:30:49,Accountant IV
Aurea,Yakunin,ayakunin6i@meetup.com,Polygender,1972-06-28 21:41:35,Research Associate
Saundra,Jakubovitch,sjakubovitch6j@ustream.tv,Female,1973-02-16 15:38:21,Senior Editor
Stanly,Mowday,smowday6k@amazon.com,Agender,1968-06-24 00:09:13,Nurse Practicioner
Coralie,Mathissen,cmathissen6l@ycombinator.com,Genderfluid,1986-12-11 12:11:58,Senior Sales Associate
Correna,Redpath,credpath6m@geocities.com,Polygender,2018-07-23 13:33:56,Recruiter
Natividad,Ivankovic,nivankovic6n@ftc.gov,Bigender,1966-03-29 18:56:37,Senior Developer
Flemming,Cardoso,fcardoso6o@pen.io,Agender,2006-01-12 22:47:42,Database Administrator IV
Augustin,Chillingsworth,achillingsworth6p@wikia.com,Bigender,2006-04-15 11:22:02,Human Resources Manager
Anet,Stiger,astiger6q@blogs.com,Polygender,1972-01-03 21:24:07,Technical Writer
Kris,Grimbaldeston,kgrimbaldeston6r@si.edu,Bigender,1967-03-04 16:25:16,Cost Accountant
Mildred,Atwater,matwater6s@reuters.com,Bigender,2007-04-28 09:53:21,Registered Nurse
Josiah,Enderby,jenderby6t@amazon.com,Genderqueer,1978-09-30 13:08:02,Structural Engineer
Thurston,Dingate,tdingate6u@so-net.ne.jp,Male,1955-03-26 21:58:17,Marketing Manager
Timmy,Woltman,twoltman6v@ow.ly,Female,2011-01-23 17:02:03,Recruiting Manager
Neils,Pavie,npavie6w@forbes.com,Agender,2002-05-23 08:57:21,Budget/Accounting Analyst II
Kassia,Jealous,kjealous6x@mlb.com,Male,2005-03-30 00:35:10,Tax Accountant
Sosanna,Petican,spetican6y@cyberchimps.com,Bigender,1983-09-19 01:53:42,VP Product Management
Gil,Collins,gcollins6z@cnn.com,Polygender,2006-09-11 15:32:53,Operator
Jemmie,Bolzen,jbolzen70@icio.us,Male,1957-10-28 04:04:58,Web Developer I
Clement,Whereat,cwhereat71@tiny.cc,Male,1959-07-21 12:29:15,Engineer III
Margarette,Marcham,mmarcham72@lycos.com,Non-binary,1951-01-04 16:45:21,Electrical Engineer
Joseito,Emanulsson,jemanulsson73@digg.com,Male,2011-12-13 10:49:25,Analyst Programmer
Claudell,Abernethy,cabernethy74@cmu.edu,Genderqueer,1975-04-06 01:58:07,Editor
Danica,Farfull,dfarfull75@bbc.co.uk,Genderqueer,2015-07-24 00:37:45,Chemical Engineer
Brendon,Raoux,braoux76@blogger.com,Non-binary,2021-04-09 08:00:29,Design Engineer
Karol,D'Costa,kdcosta77@timesonline.co.uk,Polygender,1984-10-25 01:40:23,Help Desk Technician
Rhodia,Philps,rphilps78@samsung.com,Genderfluid,1998-12-15 04:54:24,Junior Executive
Leola,Sember,lsember79@networksolutions.com,Non-binary,1995-05-04 04:31:55,General Manager
Dean,Becker,dbecker7a@feedburner.com,Agender,1955-04-01 07:41:49,Sales Representative
Cullie,Eastop,ceastop7b@i2i.jp,Genderfluid,1991-07-08 20:57:25,Accounting Assistant I
Sophey,Beardall,sbeardall7c@yahoo.co.jp,Bigender,1976-10-08 11:22:45,Statistician II
Sigismond,Immings,simmings7d@mtv.com,Female,1956-08-07 03:04:14,Statistician IV
Pat,Maxwell,pmaxwell7e@bizjournals.com,Female,1975-08-30 20:26:50,Legal Assistant
Celestina,McIlrath,cmcilrath7f@latimes.com,Polygender,1977-01-23 19:35:17,Librarian
Hersh,Maken,hmaken7g@odnoklassniki.ru,Polygender,1975-01-13 09:09:11,Software Test Engineer II
Roanne,Wincom,rwincom7h@slate.com,Polygender,2009-10-17 21:20:58,Staff Scientist
Harri,Labden,hlabden7i@soundcloud.com,Genderfluid,2011-12-02 10:36:41,Senior Quality Engineer
Lazaro,De la Yglesia,ldelayglesia7j@businessinsider.com,Genderqueer,1970-08-02 01:39:15,Assistant Professor
Mildrid,McIntee,mmcintee7k@topsy.com,Genderqueer,1978-02-26 11:25:49,Environmental Tech
Sibley,Bonhomme,sbonhomme7l@umich.edu,Polygender,1955-09-09 05:10:09,Human Resources Assistant III
Dev,Teaze,dteaze7m@businessweek.com,Male,1981-11-20 05:30:45,Senior Cost Accountant
Michaella,MacBarron,mmacbarron7n@omniture.com,Polygender,1963-07-01 19:19:22,Associate Professor
Simone,Sucre,ssucre7o@a8.net,Polygender,1970-02-09 17:43:44,Financial Analyst
Malva,Otham,motham7p@answers.com,Male,1955-11-18 17:16:46,Nurse Practicioner
Towney,Duffield,tduffield7q@jigsy.com,Male,1965-12-24 11:31:30,VP Sales
Cara,Stoggles,cstoggles7r@illinois.edu,Polygender,1986-09-20 01:16:05,Registered Nurse
Carmelia,Anderl,canderl7s@myspace.com,Non-binary,1968-12-17 06:08:43,Senior Quality Engineer
Meriel,Pauel,mpauel7t@wikispaces.com,Polygender,2004-08-19 18:28:09,Human Resources Manager
Wini,Splaven,wsplaven7u@chronoengine.com,Agender,1963-11-12 07:27:13,Librarian
Gilligan,Grinter,ggrinter7v@istockphoto.com,Bigender,1988-05-24 19:49:18,Librarian
Merilee,Berzons,mberzons7w@yale.edu,Genderqueer,2004-06-28 20:45:23,Recruiting Manager
Kira,Chasemore,kchasemore7x@google.ru,Bigender,2011-06-26 14:04:12,Editor
Aguie,Cominoli,acominoli7y@si.edu,Polygender,2003-07-06 00:57:12,Graphic Designer
Kandy,Bleackley,kbleackley7z@bbc.co.uk,Non-binary,1981-02-25 13:26:48,Information Systems Manager
Angelia,Bettenay,abettenay80@slashdot.org,Genderqueer,1980-10-05 06:01:19,Biostatistician I
Ninetta,Hourican,nhourican81@unblog.fr,Agender,1998-01-29 19:05:19,Database Administrator IV
Darb,Havesides,dhavesides82@icio.us,Female,1983-03-17 06:39:22,Biostatistician III
Ellie,Durnford,edurnford83@yolasite.com,Non-binary,1953-12-06 14:49:48,Biostatistician IV
Enrika,Kingswold,ekingswold84@wiley.com,Non-binary,1964-01-04 05:31:45,General Manager
Sonnie,Zorzini,szorzini85@hexun.com,Genderfluid,1981-08-11 11:37:46,Help Desk Technician
Guillermo,Tunn,gtunn86@army.mil,Genderqueer,2000-02-15 07:52:55,Marketing Assistant
Pen,Godier,pgodier87@elegantthemes.com,Genderqueer,1961-10-14 10:27:18,Administrative Officer
Filip,Snooks,fsnooks88@ftc.gov,Bigender,2017-02-09 15:53:12,Senior Quality Engineer
Vicky,Earley,vearley89@washington.edu,Genderqueer,1956-09-05 08:53:27,Professor
Kevyn,Eberdt,keberdt8a@mtv.com,Polygender,1972-09-10 20:00:21,Community Outreach Specialist
Fern,Deyenhardt,fdeyenhardt8b@netscape.com,Genderfluid,1969-09-02 00:13:16,General Manager
Franz,Tuminini,ftuminini8c@fastcompany.com,Bigender,1955-09-10 14:40:44,Research Nurse
Esma,Bonnier,ebonnier8d@imdb.com,Female,1977-03-27 11:25:17,Information Systems Manager
Enrica,Mockler,emockler8e@e-recht24.de,Genderfluid,2019-04-09 21:09:50,Research Assistant III
Egbert,McDill,emcdill8f@drupal.org,Genderfluid,2016-03-01 16:01:59,Junior Executive
Haroun,Winter,hwinter8g@skyrock.com,Non-binary,1981-03-09 10:57:53,Programmer Analyst II
Laina,Lampe,llampe8h@uiuc.edu,Male,2016-06-18 15:05:47,Research Associate
Casey,Ciobutaro,cciobutaro8i@woothemes.com,Non-binary,1972-11-25 01:32:56,Senior Developer
Faustina,Rosenberger,frosenberger8j@unicef.org,Female,1976-10-23 03:20:34,Human Resources Manager
Scarface,Beazey,sbeazey8k@bing.com,Genderqueer,1983-08-18 13:33:06,Civil Engineer
Kit,Fiddymont,kfiddymont8l@tamu.edu,Genderfluid,1987-02-13 02:54:02,Food Chemist
Ginnie,Poyntz,gpoyntz8m@blinklist.com,Agender,1961-02-21 06:51:31,Payment Adjustment Coordinator
Tabina,Menichi,tmenichi8n@archive.org,Bigender,1975-01-09 12:38:14,Budget/Accounting Analyst III
Mile,Cromarty,mcromarty8o@sciencedirect.com,Genderqueer,1977-11-27 15:51:08,Marketing Manager
Morley,Friett,mfriett8p@illinois.edu,Female,2018-10-30 09:10:01,Speech Pathologist
Madalyn,Bareford,mbareford8q@guardian.co.uk,Male,1964-03-23 16:32:54,Financial Advisor
Manfred,Marklew,mmarklew8r@opera.com,Polygender,1989-06-02 02:57:20,Biostatistician II
Marianne,Brasted,mbrasted8s@chronoengine.com,Genderfluid,1989-03-31 04:06:04,VP Accounting
Riordan,Baysting,rbaysting8t@soundcloud.com,Genderfluid,2017-06-17 11:23:07,Software Test Engineer III
Leta,Laughnan,llaughnan8u@sphinn.com,Genderqueer,2021-06-21 08:12:44,Environmental Specialist
Miguela,Woffinden,mwoffinden8v@github.io,Male,1976-01-01 01:52:04,Actuary
Heida,Richmont,hrichmont8w@webs.com,Genderfluid,1952-07-08 12:47:26,Programmer IV
Nealy,Squirrell,nsquirrell8x@eepurl.com,Genderqueer,1954-03-27 20:25:43,Statistician II
Ynez,McShirie,ymcshirie8y@cbsnews.com,Genderqueer,1967-05-01 11:37:53,Help Desk Technician
Leesa,MacInherney,lmacinherney8z@vkontakte.ru,Genderfluid,1972-10-28 22:23:14,Web Developer I
Moise,Cahey,mcahey90@linkedin.com,Bigender,2014-09-29 16:31:14,Tax Accountant
Ailyn,O'Halleghane,aohalleghane91@yellowbook.com,Genderqueer,1975-10-19 08:24:46,Web Designer II
Zack,Brewitt,zbrewitt92@newsvine.com,Male,1968-01-18 07:29:47,Project Manager
Martin,Woolvett,mwoolvett93@icq.com,Female,1980-03-04 16:52:37,Sales Representative
Danni,Frantzeni,dfrantzeni94@theglobeandmail.com,Genderfluid,1987-05-30 00:55:07,Editor
Iain,Bezants,ibezants95@reverbnation.com,Bigender,1999-01-21 11:31:46,Health Coach IV
Rudolfo,Horder,rhorder96@nature.com,Polygender,2008-08-30 01:49:12,Senior Sales Associate
Cecil,Ruscoe,cruscoe97@twitter.com,Genderqueer,1959-10-04 23:25:27,Assistant Professor
Noach,Drexel,ndrexel98@artisteer.com,Genderqueer,2020-08-21 08:25:23,Nurse
Geno,Marjoram,gmarjoram99@chron.com,Bigender,1966-07-10 22:16:02,Design Engineer
Merilee,Arni,marni9a@amazon.de,Agender,1986-05-10 21:44:40,Internal Auditor
Elsy,Di Bartolommeo,edibartolommeo9b@wsj.com,Polygender,1966-03-20 08:04:15,Automation Specialist IV
Misti,Huguenet,mhuguenet9c@domainmarket.com,Bigender,1986-01-06 19:42:50,Computer Systems Analyst IV
Ferris,Spraging,fspraging9d@godaddy.com,Non-binary,1976-08-20 17:39:36,Research Nurse
Roxy,Cramer,rcramer9e@cdc.gov,Genderfluid,1979-12-05 08:36:44,Help Desk Technician
Camala,Bauckham,cbauckham9f@newsvine.com,Agender,2000-11-20 20:20:09,VP Sales
Huntington,Cripps,hcripps9g@foxnews.com,Genderqueer,2010-09-22 00:48:49,Web Designer IV
Arte,Longman,alongman9h@geocities.com,Genderfluid,2016-11-25 21:56:43,Paralegal
Leticia,Stinton,lstinton9i@washingtonpost.com,Male,1979-03-01 04:36:33,Editor
Merwyn,Esel,mesel9j@furl.net,Polygender,1975-11-04 02:00:22,Developer IV
Charis,Loines,cloines9k@scientificamerican.com,Non-binary,1999-10-18 20:36:49,Research Assistant IV
Hazel,Wasiela,hwasiela9l@constantcontact.com,Agender,1995-08-23 10:26:45,Administrative Assistant II
Even,Kolinsky,ekolinsky9m@stumbleupon.com,Non-binary,2006-05-09 15:33:46,Payment Adjustment Coordinator
Pierre,Warsop,pwarsop9n@hostgator.com,Male,2013-08-19 20:59:04,Administrative Officer
Vicky,Exelby,vexelby9o@simplemachines.org,Genderqueer,1961-12-12 16:12:42,Analog Circuit Design manager
Hodge,Hurran,hhurran9p@example.com,Bigender,1974-11-19 04:29:53,Professor
Gizela,Ossenna,gossenna9q@wp.com,Male,2001-11-29 21:05:31,Business Systems Development Analyst
Gwyneth,Sam,gsam9r@flavors.me,Female,1991-03-27 06:31:21,Recruiting Manager
Nada,Overlow,noverlow9s@jiathis.com,Male,2001-04-30 07:46:46,Registered Nurse
Terencio,Caughte,tcaughte9t@technorati.com,Female,2014-02-21 23:47:11,Accounting Assistant II
Quillan,Faunt,qfaunt9u@cnbc.com,Genderfluid,2020-09-16 02:19:49,Research Assistant I
Jaquelin,Franzelini,jfranzelini9v@shop-pro.jp,Agender,1971-01-10 07:52:48,Geologist I
Harvey,Heavyside,hheavyside9w@google.co.uk,Non-binary,1964-11-03 16:43:50,Help Desk Operator
Marlane,Barlthrop,mbarlthrop9x@house.gov,Genderfluid,1970-06-01 14:00:04,Nurse Practicioner
Lacee,McAneny,lmcaneny9y@soundcloud.com,Genderfluid,1955-02-09 05:51:42,Staff Accountant IV
Putnam,Bogeys,pbogeys9z@eventbrite.com,Bigender,1969-05-15 06:45:20,Director of Sales
Farlie,Rayman,fraymana0@yahoo.com,Genderfluid,1986-11-07 01:39:50,Research Associate
Corby,Sabathier,csabathiera1@godaddy.com,Agender,2015-10-13 18:07:30,Assistant Media Planner
Sidnee,Shurman,sshurmana2@yale.edu,Genderfluid,2021-04-11 15:30:07,Programmer Analyst I
Gerald,Dennington,gdenningtona3@ezinearticles.com,Polygender,2000-11-14 17:49:47,Chemical Engineer
Klarika,Hansen,khansena4@xrea.com,Male,1964-07-07 11:22:31,Compensation Analyst
Honoria,Cersey,hcerseya5@cornell.edu,Agender,1994-07-14 09:42:55,Senior Developer
Burton,Loachhead,bloachheada6@mozilla.org,Bigender,1956-03-08 12:18:25,Electrical Engineer
Gregoor,Gelderd,ggelderda7@ehow.com,Male,1974-03-10 08:41:52,Product Engineer
Claretta,Fretwell,cfretwella8@earthlink.net,Genderfluid,1965-12-23 09:13:35,Information Systems Manager
Cam,Eckersall,ceckersalla9@4shared.com,Genderqueer,2020-05-26 01:46:07,Dental Hygienist
Lay,Kirsz,lkirszaa@ox.ac.uk,Bigender,1969-04-28 17:50:05,Marketing Manager
Basilius,Lacasa,blacasaab@google.co.jp,Genderqueer,1968-01-10 09:52:33,Engineer II
Phip,Leving,plevingac@webmd.com,Genderqueer,2000-06-17 15:08:18,Chemical Engineer
Stanton,Antunez,santunezad@linkedin.com,Non-binary,2012-06-20 19:27:23,Nuclear Power Engineer
Amalea,Dayes,adayesae@tuttocitta.it,Polygender,2016-02-29 22:48:59,Research Associate
Orel,Sandwich,osandwichaf@com.com,Bigender,2001-02-24 15:09:52,Senior Financial Analyst
Niel,Greenlies,ngreenliesag@storify.com,Agender,1986-11-30 15:45:41,Project Manager
Kay,Acum,kacumah@wunderground.com,Bigender,1962-07-24 02:08:59,Desktop Support Technician
Cristiano,Despenser,cdespenserai@example.com,Agender,2014-11-09 16:09:04,Account Coordinator
Krishnah,Gerardin,kgerardinaj@fema.gov,Agender,1964-10-27 10:46:54,Help Desk Technician
Zedekiah,Spoward,zspowardak@cbslocal.com,Genderqueer,2008-06-28 08:36:25,Senior Editor
Averil,Tefft,atefftal@microsoft.com,Genderqueer,1981-02-15 19:20:16,Help Desk Operator
Sile,Lainton,slaintonam@ox.ac.uk,Male,2005-06-10 17:56:17,Software Test Engineer IV
Mathew,Biggadike,mbiggadikean@google.ru,Genderfluid,2016-01-28 20:58:23,Tax Accountant
Shauna,Greeding,sgreedingao@newsvine.com,Genderfluid,1969-07-23 11:09:18,Registered Nurse
Dacey,Peacham,dpeachamap@addthis.com,Female,1989-01-30 07:55:11,Environmental Specialist
Warden,Irce,wirceaq@google.cn,Female,1960-04-04 04:40:47,Assistant Media Planner
Scarlet,Barmadier,sbarmadierar@ed.gov,Non-binary,1953-01-01 23:38:46,Community Outreach Specialist
Addie,Ricker,arickeras@jimdo.com,Genderfluid,1988-06-23 19:56:02,Nurse Practicioner
Archer,Andres,aandresat@webs.com,Non-binary,2013-01-06 00:44:13,Accountant III
Traci,D'Ambrosio,tdambrosioau@adobe.com,Genderfluid,1955-11-06 02:59:09,General Manager
Perry,Gritland,pgritlandav@comsenz.com,Female,1991-11-27 01:30:52,Quality Engineer
Sheilakathryn,Doorly,sdoorlyaw@nps.gov,Female,1953-05-12 18:24:43,Database Administrator IV
Bertha,Mowson,bmowsonax@buzzfeed.com,Non-binary,1999-04-17 19:59:35,Staff Scientist
Shelton,Tong,stongay@goodreads.com,Genderqueer,1985-01-05 08:19:45,Clinical Specialist
Saree,Scranedge,sscranedgeaz@miibeian.gov.cn,Polygender,1959-02-09 11:41:37,Environmental Tech
Rock,Shills,rshillsb0@whitehouse.gov,Bigender,1951-09-14 17:19:33,Product Engineer
Karel,Draco,kdracob1@squarespace.com,Male,2020-08-20 17:31:13,Senior Financial Analyst
Fairleigh,Hacun,fhacunb2@stanford.edu,Agender,1993-11-10 08:49:15,Developer II
Cecily,Vittel,cvittelb3@twitpic.com,Polygender,1973-04-07 23:26:22,Legal Assistant
Horten,Humm,hhummb4@google.fr,Genderfluid,1969-08-05 00:13:16,Legal Assistant
Kirsten,Gavagan,kgavaganb5@trellian.com,Non-binary,1987-04-03 17:08:50,Help Desk Operator
Ailis,Shipley,ashipleyb6@weather.com,Non-binary,1993-02-23 23:26:32,Automation Specialist I
Lilah,Curdell,lcurdellb7@auda.org.au,Genderfluid,1969-04-18 12:45:56,Senior Sales Associate
Dewie,Verny,dvernyb8@gnu.org,Bigender,1975-09-21 09:33:07,Accountant II
Siegfried,O Mullen,somullenb9@multiply.com,Genderqueer,1978-08-27 04:37:29,Quality Engineer
Bayard,Featherby,bfeatherbyba@ustream.tv,Genderqueer,2005-10-12 04:47:17,Marketing Assistant
Kathy,Haddington,khaddingtonbb@istockphoto.com,Genderfluid,2003-11-11 15:36:04,Paralegal
Milka,Meade,mmeadebc@msu.edu,Female,1968-10-22 22:59:51,Data Coordiator
Gabriell,Siman,gsimanbd@umn.edu,Genderqueer,1991-07-28 20:49:55,Database Administrator III
Druci,Grzegorecki,dgrzegoreckibe@twitter.com,Female,1988-10-15 21:06:17,Senior Sales Associate
Gaby,Ferris,gferrisbf@imdb.com,Male,1958-05-10 10:48:59,Paralegal
Lurleen,Heintsch,lheintschbg@xinhuanet.com,Male,1989-11-26 01:50:16,Compensation Analyst
Neddy,Tieraney,ntieraneybh@sfgate.com,Genderqueer,1965-12-11 22:33:55,Research Nurse
Drusie,O'Kinneally,dokinneallybi@wordpress.org,Genderfluid,1957-08-18 20:35:40,Assistant Professor
Dawn,Bloxland,dbloxlandbj@com.com,Polygender,1993-05-31 20:37:43,Recruiter
Orazio,Adelsberg,oadelsbergbk@g.co,Male,2017-07-11 10:03:06,Design Engineer
Lorita,Van den Velde,lvandenveldebl@google.ca,Male,1968-05-15 22:12:00,Internal Auditor
Arabela,Chalfont,achalfontbm@slideshare.net,Genderfluid,1960-01-10 11:52:05,Nurse Practicioner
Gertie,Olphert,golphertbn@seattletimes.com,Non-binary,1986-03-15 08:41:41,Human Resources Manager
Sebastiano,Froud,sfroudbo@paginegialle.it,Non-binary,1973-05-21 03:21:49,Civil Engineer
Elke,Ellinor,eellinorbp@amazon.de,Genderqueer,2003-12-18 09:16:19,Nuclear Power Engineer
Norma,Stallworthy,nstallworthybq@oaic.gov.au,Bigender,1975-11-26 00:24:42,Senior Financial Analyst
Jorgan,Jarman,jjarmanbr@furl.net,Non-binary,2018-05-19 14:09:04,Statistician II
Meade,McRobbie,mmcrobbiebs@weibo.com,Agender,1957-12-31 14:32:48,Human Resources Manager
Lisetta,Vaszoly,lvaszolybt@wiley.com,Genderfluid,2007-12-08 05:42:36,Financial Advisor
Mahala,Cruttenden,mcruttendenbu@shareasale.com,Bigender,1975-02-12 04:22:32,Senior Cost Accountant
Tessie,Bresland,tbreslandbv@acquirethisname.com,Genderfluid,1983-09-15 09:41:56,Project Manager
Padget,Benduhn,pbenduhnbw@hc360.com,Agender,2001-06-21 19:46:13,Operator
Xenia,Allbones,xallbonesbx@privacy.gov.au,Genderfluid,1964-02-14 17:41:56,Environmental Tech
Jocelyn,Merrell,jmerrellby@bluehost.com,Male,1995-02-28 03:35:45,Compensation Analyst
Bonni,Attrill,battrillbz@ow.ly,Genderfluid,2019-08-24 07:53:24,Civil Engineer
Gabi,Life,glifec0@discovery.com,Male,1958-01-16 02:01:41,Research Assistant I
Tadio,Garaghan,tgaraghanc1@prnewswire.com,Bigender,1984-06-01 01:57:24,Research Associate
Holly-anne,Phethean,hphetheanc2@bloglines.com,Genderfluid,2005-02-25 06:46:09,Help Desk Technician
Kaye,Simister,ksimisterc3@bbc.co.uk,Bigender,1963-12-10 14:02:36,Systems Administrator I
Raffaello,Ripon,rriponc4@chron.com,Agender,2006-07-24 04:48:08,Actuary
Verene,Gildea,vgildeac5@geocities.jp,Bigender,2005-12-03 03:37:08,Environmental Tech
Natalie,Yaldren,nyaldrenc6@umich.edu,Agender,2021-04-11 15:21:53,Compensation Analyst
Siana,Hubbock,shubbockc7@gmpg.org,Genderfluid,1957-09-07 10:03:09,Sales Associate
Quintana,Wickson,qwicksonc8@sogou.com,Non-binary,2003-10-10 19:46:40,Recruiter
Brinn,Villaron,bvillaronc9@google.com,Genderfluid,1995-06-24 10:52:13,Legal Assistant
Winston,McGraw,wmcgrawca@unc.edu,Female,1966-03-14 05:47:37,Project Manager
Dorri,Larrosa,dlarrosacb@miibeian.gov.cn,Non-binary,2010-06-02 14:12:56,Account Representative III
Cash,Conant,cconantcc@behance.net,Non-binary,2003-10-30 13:12:01,Librarian
Lorry,McDonand,lmcdonandcd@jiathis.com,Agender,1990-04-02 23:46:12,Sales Associate
Ailis,Marchello,amarchelloce@nasa.gov,Female,1960-01-06 09:30:27,Geological Engineer
Chery,Edward,cedwardcf@walmart.com,Agender,2013-12-15 23:23:38,General Manager
Lusa,Mingame,lmingamecg@mozilla.com,Genderqueer,1995-03-16 10:02:46,Compensation Analyst
Leodora,Birkwood,lbirkwoodch@liveinternet.ru,Genderfluid,1966-03-08 19:06:43,Social Worker
Nicoline,Barz,nbarzci@domainmarket.com,Non-binary,1962-11-09 03:21:45,Quality Control Specialist
Misty,Grahamslaw,mgrahamslawcj@yellowpages.com,Female,1961-11-13 02:39:10,Assistant Professor
Hilly,Hunnawill,hhunnawillck@ezinearticles.com,Polygender,2004-09-09 07:40:29,Chemical Engineer
Kissee,Harlin,kharlincl@newsvine.com,Bigender,1959-03-22 19:23:07,Environmental Tech
Rasla,Bulfoy,rbulfoycm@microsoft.com,Genderqueer,1990-12-08 04:40:19,Graphic Designer
Nanice,De Bruijne,ndebruijnecn@arstechnica.com,Female,1992-09-25 12:40:23,Administrative Assistant III
Edgard,Masic,emasicco@nymag.com,Male,1989-08-11 10:56:33,Web Developer III
Debora,Berni,dbernicp@apache.org,Genderqueer,2006-03-04 22:32:47,Cost Accountant
Karoline,Fogel,kfogelcq@blogs.com,Bigender,1997-06-25 13:28:41,Software Consultant
Shermy,Taffs,staffscr@dagondesign.com,Genderqueer,1960-06-07 07:45:02,Assistant Professor
Clio,Broadfoot,cbroadfootcs@yahoo.co.jp,Non-binary,1952-02-17 06:59:06,Desktop Support Technician
Cordula,Corney,ccorneyct@forbes.com,Genderqueer,1957-01-18 20:16:17,Financial Analyst
Andria,Permain,apermaincu@livejournal.com,Male,1982-07-24 01:55:25,Account Representative II
Ollie,Whitman,owhitmancv@blinklist.com,Female,2003-11-20 08:56:07,Marketing Manager
Olwen,Tather,otathercw@thetimes.co.uk,Bigender,1992-06-01 04:39:55,Business Systems Development Analyst
Hashim,Wroth,hwrothcx@stumbleupon.com,Genderfluid,2021-02-07 07:20:50,Data Coordiator
Nap,Marzelle,nmarzellecy@jalbum.net,Polygender,1976-04-26 21:27:59,Librarian
Prent,Cotes,pcotescz@netvibes.com,Non-binary,1994-09-27 06:23:22,Accounting Assistant I
Ignace,Basill,ibasilld0@chicagotribune.com,Female,2000-06-09 21:13:50,Developer IV
Collette,Eskrick,ceskrickd1@sphinn.com,Genderqueer,1972-05-01 05:26:46,Marketing Manager
Vanny,Stoyles,vstoylesd2@webeden.co.uk,Genderfluid,1962-01-28 17:01:36,Programmer Analyst IV
Pepita,Evensden,pevensdend3@wisc.edu,Agender,1976-10-31 06:19:10,Systems Administrator I
Alia,Coonihan,acoonihand4@comsenz.com,Male,2003-05-29 21:24:51,Assistant Manager
Malory,Scandrett,mscandrettd5@biblegateway.com,Genderfluid,1982-08-21 19:32:53,Account Executive
Ashlie,Darkins,adarkinsd6@topsy.com,Genderqueer,2009-05-01 00:13:03,Operator
Lind,Firmager,lfirmagerd7@goodreads.com,Polygender,1989-09-16 07:23:51,Civil Engineer
Penni,Smail,psmaild8@wp.com,Agender,1962-08-04 02:29:09,Legal Assistant
Orton,Alves,oalvesd9@whitehouse.gov,Female,1972-12-09 17:49:23,Help Desk Technician
Taber,Hallbord,thallbordda@i2i.jp,Polygender,2018-06-30 08:47:26,Compensation Analyst
Kandy,Francie,kfranciedb@weebly.com,Non-binary,1999-01-17 12:25:56,GIS Technical Architect
Ferguson,Northgraves,fnorthgravesdc@icq.com,Bigender,1957-02-20 04:10:02,Librarian
Mary,MacRedmond,mmacredmonddd@who.int,Genderfluid,1984-11-17 15:24:17,Office Assistant III
Kennan,McTrustram,kmctrustramde@hugedomains.com,Genderfluid,1964-06-12 20:16:40,Health Coach II
Brinn,Drinkhall,bdrinkhalldf@wikimedia.org,Polygender,1977-04-11 18:00:03,Administrative Assistant I
Leia,Debow,ldebowdg@weebly.com,Genderqueer,1956-05-25 23:51:10,Assistant Manager
Elbert,Felce,efelcedh@vk.com,Agender,2017-09-02 03:02:05,Professor
Gwenneth,Gretham,ggrethamdi@comsenz.com,Female,1994-05-30 12:51:01,Pharmacist
Nataniel,Leifer,nleiferdj@youku.com,Genderfluid,1965-02-24 11:20:06,Accounting Assistant II
Mignonne,Sheffield,msheffielddk@tmall.com,Bigender,2016-08-02 17:36:47,Administrative Assistant II
Joline,Dameisele,jdameiseledl@hp.com,Male,2011-07-25 17:52:51,Media Manager III
Elianora,Lathaye,elathayedm@mail.ru,Female,1996-06-15 00:23:40,Teacher
Dallas,Deevey,ddeeveydn@ask.com,Bigender,1959-02-27 03:29:12,Compensation Analyst
Jeremy,Reignould,jreignoulddo@sun.com,Genderfluid,2014-10-30 12:04:57,Electrical Engineer
Darline,Gasperi,dgasperidp@ca.gov,Genderfluid,2015-05-01 06:08:40,Assistant Media Planner
Arnold,Ellsworthe,aellsworthedq@jalbum.net,Genderfluid,1974-05-20 08:26:26,Paralegal
Row,Somerset,rsomersetdr@sun.com,Female,2018-05-05 10:14:10,Help Desk Operator
Annamarie,Ryde,arydeds@moonfruit.com,Polygender,2014-08-12 17:35:57,Research Nurse
Kaleena,Goodwill,kgoodwilldt@newsvine.com,Non-binary,1966-03-30 20:03:09,Desktop Support Technician
Junette,Lindores,jlindoresdu@delicious.com,Genderfluid,2006-01-04 00:33:01,Nurse
Elena,Severs,eseversdv@cocolog-nifty.com,Polygender,1975-10-27 14:00:39,Junior Executive
Fonzie,Sarsons,fsarsonsdw@sogou.com,Agender,1979-08-19 10:31:19,Safety Technician IV
Wrennie,Dicky,wdickydx@github.com,Polygender,1973-07-31 15:57:09,Health Coach II
Claudia,Inder,cinderdy@istockphoto.com,Male,1974-12-07 18:36:08,Junior Executive
Marcie,Bratten,mbrattendz@buzzfeed.com,Polygender,1984-07-18 19:23:13,Programmer I
Lenora,Nosworthy,lnosworthye0@behance.net,Genderqueer,2018-12-14 22:19:27,Systems Administrator II
Judy,Schafer,jschafere1@sfgate.com,Agender,1974-02-04 11:12:39,Quality Engineer
Michell,Wibrow,mwibrowe2@tripod.com,Polygender,2008-12-02 05:04:15,VP Quality Control
Camile,Philbin,cphilbine3@time.com,Non-binary,1954-04-16 11:30:56,Food Chemist
Joanne,Folks,jfolkse4@printfriendly.com,Agender,2006-06-27 15:38:59,Environmental Tech
Vally,Mapledoram,vmapledorame5@yahoo.co.jp,Genderqueer,1952-04-07 03:15:13,Technical Writer
Kippy,Millom,kmillome6@blogspot.com,Male,2011-10-05 16:19:55,Software Engineer I
Armstrong,Luck,alucke7@geocities.jp,Genderqueer,1987-10-27 19:11:44,Assistant Manager
Wells,Streader,wstreadere8@state.gov,Genderqueer,1992-04-15 09:39:10,Senior Sales Associate
Rora,O'Brallaghan,robrallaghane9@yahoo.co.jp,Genderfluid,2008-05-26 00:03:45,Payment Adjustment Coordinator
Penny,Broadberrie,pbroadberrieea@biblegateway.com,Agender,1987-07-07 16:10:38,Systems Administrator IV
Valerie,Clubb,vclubbeb@goo.gl,Non-binary,1993-09-06 13:10:28,Accounting Assistant III
Tabbie,Leynham,tleynhamec@dedecms.com,Bigender,1953-11-24 06:39:56,Clinical Specialist
Marmaduke,Chilley,mchilleyed@forbes.com,Agender,1972-05-12 01:12:54,Cost Accountant
Jere,Battabee,jbattabeeee@quantcast.com,Non-binary,1999-08-23 16:28:32,Pharmacist
Gusta,Kidgell,gkidgellef@senate.gov,Agender,2004-12-13 00:22:09,Community Outreach Specialist
Stillmann,Nafziger,snafzigereg@discovery.com,Bigender,2017-07-02 02:59:48,Research Associate
Erin,Goldine,egoldineeh@google.pl,Polygender,1955-09-27 19:13:42,Information Systems Manager
Elwin,Pinniger,epinnigerei@taobao.com,Bigender,1963-12-23 14:17:05,Developer I
Morna,Manterfield,mmanterfieldej@blog.com,Polygender,1962-12-06 16:10:30,Assistant Media Planner
Tades,Oxborrow,toxborrowek@loc.gov,Male,1970-02-28 04:42:34,Software Engineer II
Cyrille,Medley,cmedleyel@about.me,Male,1984-09-18 04:08:28,VP Quality Control
Henrieta,Berrigan,hberriganem@yandex.ru,Genderfluid,2004-05-08 08:13:47,Administrative Officer
Roma,Hasling,rhaslingen@cyberchimps.com,Agender,1958-12-09 09:15:37,Senior Sales Associate
Eldredge,Sancho,esanchoeo@istockphoto.com,Genderqueer,1975-04-09 09:48:02,Senior Sales Associate
Corty,Carson,ccarsonep@angelfire.com,Female,2011-01-22 11:09:01,Nurse
Kenn,Broomhead,kbroomheadeq@house.gov,Male,2007-08-12 08:57:50,Technical Writer
Leona,Cory,lcoryer@exblog.jp,Non-binary,2009-03-31 14:48:33,Junior Executive
Taryn,Kemery,tkemeryes@go.com,Female,1966-09-18 09:42:44,Safety Technician III
Vidovik,Plomer,vplomeret@ehow.com,Bigender,2011-05-18 05:24:26,Graphic Designer
Dewey,Gillbee,dgillbeeeu@sfgate.com,Bigender,1984-06-04 14:56:45,Associate Professor
Eileen,Whiskerd,ewhiskerdev@qq.com,Polygender,2020-10-10 00:36:31,Software Consultant
Viki,Arblaster,varblasterew@themeforest.net,Bigender,1954-09-24 14:04:58,Staff Accountant I
Friederike,Heberden,fheberdenex@oakley.com,Male,2016-12-04 08:56:44,Senior Sales Associate
Obidiah,Scoles,oscolesey@google.es,Genderqueer,2010-05-14 22:33:55,Speech Pathologist
Avictor,Pountney,apountneyez@shinystat.com,Non-binary,1983-12-15 20:23:39,Accounting Assistant III
Perl,Felce,pfelcef0@reverbnation.com,Bigender,1985-12-18 10:43:15,Health Coach I
Ara,Trowell,atrowellf1@shop-pro.jp,Agender,1999-07-22 04:58:14,Administrative Assistant III
Estel,Handsheart,ehandsheartf2@smugmug.com,Male,1997-05-07 22:23:21,Research Associate
Benedict,Baulcombe,bbaulcombef3@flavors.me,Bigender,1978-01-10 09:41:23,Computer Systems Analyst II
Bondon,Vedstra,bvedstraf4@weibo.com,Female,1952-08-18 21:37:45,Account Executive
Gilemette,Conduit,gconduitf5@mac.com,Male,1960-02-15 16:56:08,Internal Auditor
Camila,Wherrit,cwherritf6@ehow.com,Female,1975-12-30 11:24:39,Information Systems Manager
Leslie,Wellsman,lwellsmanf7@accuweather.com,Agender,1977-09-04 00:34:09,Social Worker
Niel,McMillan,nmcmillanf8@shinystat.com,Agender,1954-11-09 07:48:49,Research Nurse
Colline,Cogswell,ccogswellf9@sina.com.cn,Bigender,2002-07-15 00:22:57,Programmer III
Harmony,Byrde,hbyrdefa@artisteer.com,Polygender,1960-03-05 11:39:46,Professor
Maximilianus,Gyse,mgysefb@flickr.com,Polygender,2010-05-11 21:35:42,Registered Nurse
Gina,Corton,gcortonfc@mozilla.com,Bigender,2016-10-21 19:20:32,Staff Scientist
Celestia,Benninger,cbenningerfd@wufoo.com,Bigender,1977-06-07 11:35:12,Junior Executive
Lou,Roxburgh,lroxburghfe@cornell.edu,Agender,1972-09-23 08:59:16,Teacher
Jesus,Amdohr,jamdohrff@gnu.org,Non-binary,1974-03-25 04:08:34,Internal Auditor
Missie,Duncklee,mdunckleefg@about.me,Non-binary,1981-08-16 10:48:30,Food Chemist
Ebenezer,Faulder,efaulderfh@example.com,Bigender,1954-05-23 07:48:16,Assistant Manager
Andrei,Bohan,abohanfi@army.mil,Polygender,1970-09-12 23:30:39,Senior Sales Associate
Giacopo,Battye,gbattyefj@cpanel.net,Polygender,1979-06-17 20:24:23,Administrative Officer
Harrison,Pauncefoot,hpauncefootfk@earthlink.net,Female,1972-08-18 23:16:41,Budget/Accounting Analyst IV
Tova,Landsbury,tlandsburyfl@japanpost.jp,Genderfluid,1966-12-24 13:58:30,Food Chemist
Gwenette,Pittel,gpittelfm@wufoo.com,Polygender,2021-07-05 00:00:20,Engineer III
Augie,Grattage,agrattagefn@bloglovin.com,Genderfluid,1951-02-19 11:41:29,Research Nurse
Teddie,Schohier,tschohierfo@istockphoto.com,Polygender,1955-09-26 20:15:24,Teacher
Wilburt,Dolder,wdolderfp@patch.com,Bigender,1955-12-05 12:52:12,VP Marketing
Judye,McBratney,jmcbratneyfq@icio.us,Non-binary,1992-02-14 14:57:12,Programmer Analyst II
Lorrayne,Romanet,lromanetfr@webmd.com,Agender,2001-04-22 07:32:38,Social Worker
Bret,Wrennall,bwrennallfs@amazonaws.com,Female,1974-04-18 22:13:17,Chief Design Engineer
Mirelle,Buick,mbuickft@usda.gov,Polygender,1980-08-18 20:43:24,Senior Sales Associate
Fraze,Barnfield,fbarnfieldfu@umn.edu,Genderfluid,1960-10-02 11:20:02,Civil Engineer
Klarika,Bernuzzi,kbernuzzifv@jimdo.com,Agender,1978-12-10 03:03:28,Statistician III
Gayle,Laneham,glanehamfw@hatena.ne.jp,Agender,1993-11-09 05:51:10,Quality Engineer
Marybelle,Billows,mbillowsfx@sciencedaily.com,Female,1984-08-16 20:30:36,Junior Executive
Lavinia,Iglesias,liglesiasfy@last.fm,Polygender,1976-10-06 03:04:29,Senior Cost Accountant
Chilton,Yashnov,cyashnovfz@stanford.edu,Non-binary,1989-07-08 19:46:21,Community Outreach Specialist
Evania,Marquess,emarquessg0@paypal.com,Agender,1979-03-12 22:46:56,Environmental Specialist
Alanah,Booth-Jarvis,aboothjarvisg1@mail.ru,Genderqueer,1951-05-21 14:38:14,Recruiter
Joice,Measen,jmeaseng2@blogspot.com,Polygender,2001-12-21 07:09:00,VP Quality Control
Conant,Arghent,carghentg3@chron.com,Polygender,1982-01-30 10:45:33,Staff Scientist
Karine,Jacobsz,kjacobszg4@w3.org,Genderfluid,2007-02-15 10:48:56,Chemical Engineer
Pebrook,Langer,plangerg5@accuweather.com,Bigender,2018-03-03 01:40:33,Geological Engineer
Luke,Facher,lfacherg6@163.com,Agender,2011-09-02 10:15:47,Engineer I
Gerty,Shear,gshearg7@ustream.tv,Polygender,1969-03-10 13:25:04,Cost Accountant
Bryna,Hassett,bhassettg8@plala.or.jp,Genderfluid,1967-01-01 22:05:12,Technical Writer
Corny,Gidley,cgidleyg9@slate.com,Bigender,1972-02-02 07:21:45,Recruiter
Sheffy,Rigden,srigdenga@fastcompany.com,Non-binary,2003-11-10 19:02:01,Account Representative III
Delly,Leglise,dleglisegb@deviantart.com,Male,1994-12-12 03:32:53,Graphic Designer
Shawn,Bensusan,sbensusangc@nps.gov,Polygender,2014-08-23 07:18:39,Data Coordiator
Maryl,Eltune,meltunegd@jugem.jp,Genderfluid,1975-03-10 17:32:07,Administrative Assistant I
Alysa,Guare,aguarege@rediff.com,Genderfluid,2020-10-06 14:32:43,Computer Systems Analyst III
Tiffie,Strooband,tstroobandgf@shinystat.com,Female,1951-03-26 10:19:01,Design Engineer
Hadlee,Vasyukhin,hvasyukhingg@ow.ly,Male,1996-03-14 22:18:43,Recruiting Manager
De,Duchasteau,dduchasteaugh@patch.com,Male,1989-04-19 03:38:51,Editor
Drugi,Busst,dbusstgi@youku.com,Male,1954-02-19 12:26:09,Programmer Analyst III
Nikoletta,Anlay,nanlaygj@slashdot.org,Agender,1952-04-25 07:13:35,Nurse
Dannel,Gerger,dgergergk@opensource.org,Genderfluid,1962-11-25 02:52:54,Software Engineer II
Samuel,Broose,sbroosegl@mozilla.com,Agender,1996-04-04 05:41:10,Assistant Professor
Melosa,Ibbitson,mibbitsongm@nsw.gov.au,Genderfluid,1996-12-31 22:38:44,Biostatistician II
Jeannine,Bramham,jbramhamgn@japanpost.jp,Male,1962-04-25 00:11:45,Civil Engineer
Elbertine,Friel,efrielgo@aboutads.info,Bigender,1980-08-03 07:09:36,Environmental Tech
Dorree,Putman,dputmangp@barnesandnoble.com,Genderqueer,1985-09-25 06:07:01,Project Manager
Jolyn,Langstone,jlangstonegq@prlog.org,Non-binary,2018-03-31 03:15:27,Assistant Professor
Susanetta,Steptow,ssteptowgr@accuweather.com,Agender,1972-05-03 23:28:38,Database Administrator IV
Marsh,Robottham,mrobotthamgs@123-reg.co.uk,Genderfluid,1963-10-02 22:28:39,Operator
Judye,Akker,jakkergt@chicagotribune.com,Non-binary,1971-03-30 19:42:49,Senior Developer
Briant,Bilam,bbilamgu@wufoo.com,Non-binary,1958-08-01 11:33:01,Account Representative II
Rene,Durrans,rdurransgv@bizjournals.com,Genderqueer,1980-09-13 19:57:51,Sales Associate
Engelbert,Bartlomiejczyk,ebartlomiejczykgw@merriam-webster.com,Polygender,1980-12-16 03:40:11,Actuary
Ewart,Vicker,evickergx@feedburner.com,Female,1954-06-23 05:49:59,Legal Assistant
Cyrille,Hanes,chanesgy@bloglines.com,Polygender,1951-10-06 17:16:03,Financial Advisor
Whitby,Goathrop,wgoathropgz@webs.com,Polygender,1982-03-29 18:39:57,Computer Systems Analyst IV
Vince,Vallance,vvallanceh0@amazonaws.com,Non-binary,1989-08-04 16:49:20,Speech Pathologist
Drusie,Carpmile,dcarpmileh1@wikispaces.com,Genderqueer,1968-02-23 09:17:55,Food Chemist
Kinna,Imlock,kimlockh2@google.com,Female,1972-06-04 19:52:46,Internal Auditor
Monah,Hannabuss,mhannabussh3@oaic.gov.au,Polygender,1957-04-04 01:14:53,Accounting Assistant IV
Emelia,Baybutt,ebaybutth4@pen.io,Non-binary,1992-10-15 10:23:48,Teacher
Bernardina,Whyffen,bwhyffenh5@bloglovin.com,Female,1956-11-11 18:20:56,Food Chemist
Sile,O'Crevan,socrevanh6@ted.com,Male,2012-02-14 01:10:50,Geological Engineer
Thaxter,Sparshutt,tsparshutth7@google.cn,Male,1972-04-03 02:33:41,Automation Specialist I
Alexandr,Spaunton,aspauntonh8@imageshack.us,Male,2019-01-28 19:10:57,Engineer III
Jolene,Dominichelli,jdominichellih9@1688.com,Agender,1953-05-07 13:35:03,Information Systems Manager
Cloe,Robertet,crobertetha@indiatimes.com,Non-binary,1965-10-26 10:31:59,Administrative Officer
Stevena,Hathway,shathwayhb@fema.gov,Polygender,2014-08-18 06:57:41,Product Engineer
Maximilien,Kembrey,mkembreyhc@wp.com,Agender,1982-10-24 13:12:49,Systems Administrator II
Parnell,Stopp,pstopphd@walmart.com,Bigender,2002-05-03 21:43:39,VP Sales
Fabe,Burdus,fburdushe@hatena.ne.jp,Non-binary,1995-05-27 20:41:38,Executive Secretary
Wake,Pallin,wpallinhf@sina.com.cn,Female,1991-09-20 00:03:39,Software Consultant
Cammie,Kershaw,ckershawhg@wikipedia.org,Agender,1998-02-13 13:58:44,Product Engineer
Shirley,Minci,smincihh@gnu.org,Non-binary,1965-03-26 08:00:21,Research Assistant I
Kelci,O'Breen,kobreenhi@paypal.com,Agender,1997-08-20 03:27:27,Information Systems Manager
Kylie,Oats,koatshj@discuz.net,Non-binary,1954-10-02 16:30:26,Civil Engineer
Marie-ann,Affron,maffronhk@storify.com,Genderfluid,2002-07-31 23:40:53,Environmental Tech
Trent,Prendeville,tprendevillehl@4shared.com,Male,1971-04-30 07:36:49,Financial Analyst
Rusty,Domingues,rdomingueshm@hostgator.com,Genderfluid,2011-08-02 23:28:24,Web Designer I
Shari,Fransemai,sfransemaihn@answers.com,Female,1989-01-11 08:17:25,Analog Circuit Design manager
Brigid,Luckcock,bluckcockho@gmpg.org,Genderfluid,2010-05-16 21:07:30,VP Accounting
Rhoda,Layne,rlaynehp@nyu.edu,Bigender,2012-12-25 23:54:57,VP Product Management
Gloria,Parkyn,gparkynhq@ifeng.com,Male,2005-05-03 21:46:44,Structural Analysis Engineer
Patrizio,Jovic,pjovichr@wikispaces.com,Genderqueer,1996-04-10 02:10:38,Quality Control Specialist
Vally,Burt,vburths@myspace.com,Male,1981-05-10 06:32:25,General Manager
Courtenay,Pidduck,cpidduckht@wired.com,Genderfluid,1997-03-15 16:17:24,Accountant III
Rosita,Dilon,rdilonhu@soundcloud.com,Agender,2005-03-30 06:29:25,Financial Advisor
Miles,Scraney,mscraneyhv@yahoo.co.jp,Genderqueer,1991-08-16 22:13:21,Accounting Assistant I
Doralynne,Kirkby,dkirkbyhw@umich.edu,Genderqueer,1997-10-22 07:08:22,Recruiter
Griffith,Filipov,gfilipovhx@360.cn,Polygender,1970-10-18 12:56:39,VP Marketing
Elsi,Teece,eteecehy@weather.com,Bigender,1963-07-28 16:50:20,Professor
Cherlyn,Pinchback,cpinchbackhz@ca.gov,Bigender,1980-05-12 22:29:58,Assistant Media Planner
Quinn,Filpo,qfilpoi0@uol.com.br,Genderqueer,1952-12-16 22:24:29,Junior Executive
Hermy,Boise,hboisei1@example.com,Male,2004-01-07 20:03:47,Librarian
Chalmers,Khristyukhin,ckhristyukhini2@technorati.com,Non-binary,1984-06-14 22:46:50,Community Outreach Specialist
Osborne,Thurston,othurstoni3@netlog.com,Genderfluid,1972-06-08 07:05:31,Product Engineer
Raynor,Ratie,rratiei4@vkontakte.ru,Agender,2012-11-13 08:15:09,Senior Sales Associate
Auguste,Busen,abuseni5@google.it,Agender,1974-03-02 03:40:03,Environmental Tech
Mollie,Littlepage,mlittlepagei6@independent.co.uk,Polygender,1988-08-20 06:54:04,Developer IV
Auguste,Sergison,asergisoni7@cbslocal.com,Non-binary,2015-05-21 13:21:20,Statistician IV
Burtie,Lind,blindi8@pinterest.com,Female,2008-10-11 15:49:52,Desktop Support Technician
Mose,Cotelard,mcotelardi9@redcross.org,Bigender,1961-01-28 16:44:15,Mechanical Systems Engineer
Valdemar,Livezley,vlivezleyia@ifeng.com,Polygender,1973-10-15 03:18:02,Automation Specialist IV
Aymer,Goldstraw,agoldstrawib@senate.gov,Male,2017-06-18 02:42:15,Software Engineer III
Barr,Sellers,bsellersic@bbc.co.uk,Genderfluid,2021-03-17 12:07:08,Marketing Assistant
Clyve,Barrs,cbarrsid@census.gov,Genderqueer,2014-10-30 15:17:08,Engineer I
Jena,Fallens,jfallensie@1und1.de,Agender,2015-01-30 03:15:19,Desktop Support Technician
Galvan,Vigrass,gvigrassif@github.com,Male,2020-04-24 04:51:57,Biostatistician IV
Doloritas,Andreichik,dandreichikig@wikimedia.org,Bigender,2016-03-08 13:20:25,Geological Engineer
Miguela,Gulk,mgulkih@springer.com,Bigender,1955-05-30 13:51:31,Clinical Specialist
Kirk,Knapman,kknapmanii@ifeng.com,Genderfluid,2013-12-07 01:16:24,Dental Hygienist
Nester,Ellph,nellphij@dagondesign.com,Agender,2007-05-17 22:36:44,VP Quality Control
Gabriel,Rounsefull,grounsefullik@tmall.com,Genderqueer,1999-04-10 10:59:27,Programmer II
Denni,Wallbank,dwallbankil@sourceforge.net,Bigender,2011-10-14 13:35:02,Legal Assistant
Wheeler,Bleakman,wbleakmanim@123-reg.co.uk,Genderqueer,1967-07-24 08:25:45,Physical Therapy Assistant
Janis,O'Sherrin,josherrinin@mozilla.com,Male,1958-03-02 00:22:14,Media Manager III
Kevan,Grzelczyk,kgrzelczykio@microsoft.com,Genderqueer,2012-12-25 10:28:55,VP Sales
Mallorie,Wiseman,mwisemanip@issuu.com,Non-binary,1960-07-04 21:20:14,Nurse Practicioner
Zoe,Llewellyn,zllewellyniq@icio.us,Agender,2001-05-15 22:10:49,Nuclear Power Engineer
Fredelia,Pierpoint,fpierpointir@mediafire.com,Non-binary,1984-06-03 23:41:52,Internal Auditor
Carmita,Nardi,cnardiis@desdev.cn,Polygender,1993-07-15 14:11:32,Administrative Officer
Margery,Menichelli,mmenichelliit@example.com,Agender,1996-10-17 21:03:37,Business Systems Development Analyst
Gloria,Beer,gbeeriu@elpais.com,Polygender,1970-04-06 05:16:14,Health Coach IV
Riley,Sprowles,rsprowlesiv@nhs.uk,Non-binary,1979-09-29 14:21:46,Director of Sales
Dino,Finnigan,dfinniganiw@addthis.com,Bigender,1988-05-20 04:26:31,Senior Cost Accountant
Pauline,Baccas,pbaccasix@aol.com,Male,1954-05-21 09:34:34,Teacher
Virginie,Hammand,vhammandiy@un.org,Non-binary,1984-10-02 00:40:56,Nuclear Power Engineer
Colly,Tringham,ctringhamiz@51.la,Polygender,1999-01-08 23:20:20,Data Coordiator
Marti,Stanlake,mstanlakej0@epa.gov,Bigender,1965-03-15 00:29:50,Executive Secretary
Loise,Fearnsides,lfearnsidesj1@shutterfly.com,Male,1973-07-03 19:33:33,Editor
Wini,Ashurst,washurstj2@acquirethisname.com,Genderfluid,1991-08-15 13:34:46,Developer IV
Wiatt,Kasparski,wkasparskij3@statcounter.com,Bigender,1996-02-13 11:00:36,Compensation Analyst
Dell,Jakolevitch,djakolevitchj4@miibeian.gov.cn,Bigender,1983-01-09 21:58:41,Social Worker
Kirbee,Toupe,ktoupej5@drupal.org,Genderqueer,2018-01-31 08:00:55,Staff Accountant III
Drucy,Matthesius,dmatthesiusj6@ft.com,Polygender,1986-02-17 11:35:56,Electrical Engineer
Consuelo,Kemwall,ckemwallj7@npr.org,Polygender,2010-04-03 01:11:23,General Manager
Stacy,Hammatt,shammattj8@ycombinator.com,Non-binary,2009-03-04 07:31:20,Statistician III
Sebastiano,Whitter,swhitterj9@va.gov,Bigender,1992-01-23 00:01:50,GIS Technical Architect
Natassia,Hauger,nhaugerja@house.gov,Male,1988-03-23 04:43:29,Sales Associate
Berty,McEvon,bmcevonjb@indiatimes.com,Bigender,2021-01-22 09:13:55,Programmer II
Joshuah,Dufaur,jdufaurjc@ft.com,Genderfluid,1967-04-01 01:11:34,Physical Therapy Assistant
Welby,Burney,wburneyjd@tinypic.com,Agender,2011-01-23 11:24:58,Software Test Engineer II
Rowney,Brewood,rbrewoodje@unicef.org,Polygender,1976-11-21 19:34:10,Information Systems Manager
Elisabet,Voice,evoicejf@homestead.com,Male,2020-07-27 18:40:59,Computer Systems Analyst I
Consuelo,Rudwell,crudwelljg@phpbb.com,Bigender,2009-01-27 03:39:45,Community Outreach Specialist
Maddi,Doorly,mdoorlyjh@blinklist.com,Non-binary,1958-03-08 09:21:47,Senior Editor
Patrick,Cherry,pcherryji@last.fm,Male,1993-11-07 23:12:41,Biostatistician II
Verge,Denver,vdenverjj@ftc.gov,Genderqueer,1980-03-10 06:09:04,Food Chemist
Griffin,Prigg,gpriggjk@ehow.com,Polygender,1994-02-17 01:15:47,Geological Engineer
Hillel,Featherbie,hfeatherbiejl@posterous.com,Male,1994-01-22 05:12:14,Senior Financial Analyst
Brice,Lockless,blocklessjm@gmpg.org,Female,1984-06-09 21:23:29,Nurse
Fiona,Tott,ftottjn@de.vu,Genderqueer,1993-03-10 19:17:26,Librarian
Guthrie,Calderwood,gcalderwoodjo@businessinsider.com,Agender,1963-12-03 09:30:34,Analog Circuit Design manager
Mitchell,Volonte,mvolontejp@weibo.com,Non-binary,1981-04-02 19:26:57,Administrative Assistant IV
Roch,Gartland,rgartlandjq@amazon.co.uk,Male,1961-02-04 21:41:38,Community Outreach Specialist
Renaud,Bogays,rbogaysjr@privacy.gov.au,Genderqueer,2002-11-18 12:56:12,Information Systems Manager
Anallese,Kliner,aklinerjs@prnewswire.com,Bigender,1994-12-15 01:12:26,Quality Engineer
Otha,Beckhurst,obeckhurstjt@cisco.com,Bigender,1999-10-14 01:44:39,Administrative Assistant II
Antonio,Orsay,aorsayju@sfgate.com,Polygender,1984-09-18 11:32:32,Geological Engineer
Artair,Dukes,adukesjv@behance.net,Polygender,2018-05-04 23:48:36,Product Engineer
Sorcha,Beadnall,sbeadnalljw@epa.gov,Non-binary,2012-10-24 06:23:09,Recruiter
Rees,Munks,rmunksjx@dell.com,Bigender,1974-12-02 02:33:44,Food Chemist
Sayers,Sywell,ssywelljy@blinklist.com,Genderqueer,1967-10-25 08:03:16,Assistant Media Planner
Oralle,Stammler,ostammlerjz@sakura.ne.jp,Genderfluid,2005-04-25 16:23:59,Legal Assistant
Hieronymus,Kuscha,hkuschak0@geocities.com,Male,1961-07-24 01:31:02,Compensation Analyst
Donetta,Meininking,dmeininkingk1@hao123.com,Genderqueer,1999-08-15 05:23:09,Clinical Specialist
Nancy,Cristofori,ncristoforik2@imageshack.us,Non-binary,2014-07-24 09:41:33,Geologist IV
Griffy,Bradd,gbraddk3@pinterest.com,Female,1956-02-07 10:58:08,Librarian
Marilyn,Officer,mofficerk4@fastcompany.com,Agender,1987-03-07 13:08:34,Accounting Assistant I
Gaby,Bright,gbrightk5@e-recht24.de,Genderqueer,2004-05-14 15:35:53,Associate Professor
Arni,Stranahan,astranahank6@oracle.com,Bigender,1990-02-27 01:11:32,Recruiting Manager
Gearard,Offill,goffillk7@mediafire.com,Genderfluid,1962-11-05 00:57:11,Senior Sales Associate
Chicky,Cable,ccablek8@bigcartel.com,Bigender,1990-02-17 02:39:30,Financial Analyst
Napoleon,Haslen,nhaslenk9@columbia.edu,Genderqueer,2003-05-30 05:32:49,Web Designer I
Ashely,Tollerfield,atollerfieldka@geocities.jp,Genderfluid,1982-04-30 21:12:50,Quality Control Specialist
Ruddie,Grayston,rgraystonkb@histats.com,Genderfluid,2009-04-08 12:59:12,Marketing Manager
Lucie,Porter,lporterkc@cisco.com,Genderqueer,2013-04-22 18:39:38,Physical Therapy Assistant
Terrence,Padillo,tpadillokd@g.co,Genderfluid,2017-04-06 15:53:27,Dental Hygienist
Ingamar,Creyke,icreykeke@list-manage.com,Agender,1983-10-28 18:40:31,Assistant Media Planner
Loren,Hartill,lhartillkf@webnode.com,Non-binary,1992-08-14 23:46:41,Marketing Assistant
Henryetta,Chesser,hchesserkg@cafepress.com,Agender,2015-07-26 01:55:13,Engineer I
Daffi,Terrett,dterrettkh@techcrunch.com,Male,1987-08-31 07:23:04,Electrical Engineer
Brenda,Dillintone,bdillintoneki@deliciousdays.com,Male,1960-04-03 11:58:30,Registered Nurse
Fan,Plaster,fplasterkj@t-online.de,Non-binary,1973-03-02 02:07:53,Help Desk Technician
Meryl,Scurrey,mscurreykk@biblegateway.com,Agender,1966-09-15 06:05:34,Assistant Professor
Kaye,Mucci,kmuccikl@fda.gov,Genderfluid,1977-12-26 20:54:47,Analog Circuit Design manager
Joli,Dubbin,jdubbinkm@reddit.com,Polygender,1973-11-13 05:28:21,Geological Engineer
Roxana,Dignon,rdignonkn@dagondesign.com,Polygender,1996-05-26 14:57:09,Environmental Specialist
Garwin,Parffrey,gparffreyko@loc.gov,Bigender,1988-07-18 23:05:32,Geologist IV
Ailyn,Seide,aseidekp@naver.com,Genderfluid,2003-11-19 03:59:21,Structural Analysis Engineer
Oralla,Ullyott,oullyottkq@columbia.edu,Polygender,1955-12-11 17:18:37,Community Outreach Specialist
Vally,Feldharker,vfeldharkerkr@addtoany.com,Bigender,1983-11-11 01:58:09,Environmental Tech
Stacee,Butland,sbutlandks@nydailynews.com,Agender,1960-04-12 22:05:28,Software Test Engineer III
Dulcine,Leversuch,dleversuchkt@gravatar.com,Polygender,2008-11-04 13:41:12,Research Assistant III
Lorenzo,Skillings,lskillingsku@cbsnews.com,Genderqueer,1961-11-01 05:42:43,Database Administrator IV
Ailbert,Mallock,amallockkv@aboutads.info,Male,1956-01-26 06:50:02,Programmer III
Brandi,Cronk,bcronkkw@alibaba.com,Non-binary,2008-07-28 21:26:39,Developer IV
Tobiah,Sellen,tsellenkx@usnews.com,Non-binary,1973-04-29 15:07:47,VP Marketing
Ryan,Wylie,rwylieky@plala.or.jp,Female,2001-09-12 23:10:10,Executive Secretary
Carlos,Antcliff,cantcliffkz@irs.gov,Non-binary,2006-10-28 11:09:24,Financial Analyst
Lorianna,Bortolomei,lbortolomeil0@toplist.cz,Male,1969-06-09 19:20:16,Senior Quality Engineer
Dela,Baynham,dbaynhaml1@gnu.org,Agender,1997-11-30 00:25:15,Sales Representative
Florance,Rambaut,frambautl2@barnesandnoble.com,Male,1957-12-09 12:30:44,Human Resources Assistant II
Josee,Millbank,jmillbankl3@amazon.co.uk,Female,2003-02-23 23:39:03,Internal Auditor
Margret,Basire,mbasirel4@cafepress.com,Bigender,1980-07-21 13:47:27,Community Outreach Specialist
Malachi,Durban,mdurbanl5@imdb.com,Agender,1983-01-20 04:46:49,Web Designer I
Devan,Siddon,dsiddonl6@google.pl,Agender,2016-05-20 04:12:59,Operator
Itch,Laborda,ilabordal7@macromedia.com,Male,1974-12-07 03:15:55,Nuclear Power Engineer
Leonhard,Bagott,lbagottl8@boston.com,Non-binary,1990-06-20 17:35:25,VP Marketing
Diena,Rushbury,drushburyl9@nationalgeographic.com,Male,1994-06-14 17:54:34,Community Outreach Specialist
Bessy,Dagworthy,bdagworthyla@arizona.edu,Genderfluid,2002-03-05 13:06:37,Mechanical Systems Engineer
Alica,Massard,amassardlb@usnews.com,Genderqueer,1988-06-15 07:18:11,VP Product Management
Chase,Moseley,cmoseleylc@google.es,Genderqueer,1998-03-04 05:11:20,Nuclear Power Engineer
Wright,Broe,wbroeld@google.com.au,Genderqueer,2012-12-18 12:10:58,Recruiting Manager
Pandora,McSporon,pmcsporonle@youtube.com,Genderqueer,1990-01-25 07:28:01,Research Assistant III
Shoshanna,McGillivray,smcgillivraylf@plala.or.jp,Bigender,1963-07-04 11:03:02,Sales Representative
Benedick,Labone,blabonelg@examiner.com,Polygender,2006-02-27 21:56:51,Engineer II
Daron,Conti,dcontilh@howstuffworks.com,Bigender,2012-08-19 20:57:50,Environmental Tech
Jocko,Manicomb,jmanicombli@tripod.com,Non-binary,2008-08-14 14:22:23,Systems Administrator II
Michale,Roughsedge,mroughsedgelj@reddit.com,Genderqueer,1965-05-19 01:41:04,Human Resources Manager
Claudine,Dayment,cdaymentlk@4shared.com,Agender,1973-03-10 04:31:56,Actuary
Merline,Woodrooffe,mwoodrooffell@nationalgeographic.com,Genderfluid,2020-03-27 09:59:51,Actuary
Sondra,Rylance,srylancelm@nbcnews.com,Genderqueer,1992-12-20 21:10:30,Editor
Bryna,Goulden,bgouldenln@bizjournals.com,Male,2008-06-15 11:03:20,Safety Technician I
Kellen,Martindale,kmartindalelo@gnu.org,Female,2005-12-18 09:03:50,Financial Advisor
Richie,Leehane,rleehanelp@google.fr,Genderqueer,1993-10-22 13:33:27,VP Accounting
Hastings,Humpherston,hhumpherstonlq@biglobe.ne.jp,Non-binary,1998-12-19 04:53:03,Clinical Specialist
Cissiee,Pieracci,cpieraccilr@wordpress.org,Female,2010-02-20 15:39:50,Cost Accountant
Felicia,Harradine,fharradinels@ask.com,Polygender,1996-02-03 22:51:01,Quality Control Specialist
Vanessa,Vella,vvellalt@constantcontact.com,Male,1998-10-18 15:00:00,Environmental Specialist
Letisha,Simmans,lsimmanslu@example.com,Non-binary,2004-02-23 14:04:57,VP Accounting
Pedro,Seeley,pseeleylv@wufoo.com,Bigender,1956-10-06 13:26:36,VP Quality Control
Fitz,Wildin,fwildinlw@prnewswire.com,Bigender,1978-08-30 05:10:47,Data Coordiator
Dania,Stickels,dstickelslx@senate.gov,Genderfluid,1976-07-12 06:37:30,Graphic Designer
Thor,Cosser,tcosserly@blogspot.com,Genderfluid,1973-05-20 05:43:51,GIS Technical Architect
Dag,Cornick,dcornicklz@uiuc.edu,Male,1994-11-18 22:10:44,Environmental Tech
Neysa,Jepps,njeppsm0@sun.com,Bigender,1980-11-02 01:16:40,Compensation Analyst
Yetty,Jorczyk,yjorczykm1@paypal.com,Polygender,2015-07-23 19:22:45,Human Resources Assistant I
Elsworth,Stean,esteanm2@is.gd,Male,1979-06-06 12:41:40,Software Engineer IV
Cy,Chomicki,cchomickim3@rediff.com,Bigender,1955-05-12 06:29:04,Registered Nurse
Johnath,Woolford,jwoolfordm4@printfriendly.com,Bigender,2021-06-27 01:20:36,Social Worker
Jemmie,Cawood,jcawoodm5@columbia.edu,Genderqueer,1985-10-06 18:35:48,VP Sales
Jo,Odby,jodbym6@ucoz.com,Male,1997-07-05 04:03:32,Automation Specialist II
Shermy,Crankshaw,scrankshawm7@ycombinator.com,Female,1958-09-26 14:48:42,VP Accounting
Graig,Hachard,ghachardm8@utexas.edu,Genderqueer,1954-04-24 11:59:18,Environmental Tech
Kamilah,Fenna,kfennam9@skype.com,Genderqueer,1987-12-15 13:21:18,Geological Engineer
Jimmie,Wyke,jwykema@wikimedia.org,Non-binary,2021-02-10 15:03:10,Paralegal
Marga,Furst,mfurstmb@de.vu,Genderfluid,1970-11-14 14:25:46,Sales Representative
Damien,Cortese,dcortesemc@arizona.edu,Bigender,1992-07-22 03:15:23,Operator
Bentlee,Fossitt,bfossittmd@creativecommons.org,Genderfluid,2021-08-04 14:57:38,Research Nurse
Murielle,Wilkie,mwilkieme@chicagotribune.com,Bigender,1974-10-08 10:00:15,Associate Professor
Lianna,Geard,lgeardmf@usa.gov,Genderqueer,1999-09-08 23:09:06,Internal Auditor
Mozes,Selly,msellymg@soup.io,Genderfluid,1959-09-01 11:33:16,Librarian
Vitia,Roots,vrootsmh@goo.gl,Genderfluid,1974-11-04 10:03:27,Office Assistant II
Rani,Tremontana,rtremontanami@reverbnation.com,Agender,1972-04-26 02:48:37,Web Designer I
Teriann,Heart,theartmj@about.com,Non-binary,1984-10-09 09:42:53,Clinical Specialist
Gradey,Pembery,gpemberymk@wikia.com,Male,2009-02-08 05:55:08,Financial Advisor
Flss,Swannell,fswannellml@prlog.org,Genderfluid,1951-10-29 04:21:36,Actuary
Cybil,Hemeret,chemeretmm@guardian.co.uk,Bigender,2000-01-26 17:19:09,Chemical Engineer
Eadmund,Coulman,ecoulmanmn@pinterest.com,Female,2020-08-12 17:44:11,Director of Sales
Quintina,Barhims,qbarhimsmo@merriam-webster.com,Male,2013-09-09 17:11:21,Data Coordiator
Ludovico,Sedgwick,lsedgwickmp@buzzfeed.com,Polygender,1951-07-16 06:14:50,Information Systems Manager
Ranna,Swinfen,rswinfenmq@skype.com,Non-binary,1973-10-21 00:02:22,Physical Therapy Assistant
Glen,Boobyer,gboobyermr@people.com.cn,Non-binary,2015-01-20 00:28:38,Quality Control Specialist
Norton,Cabrer,ncabrerms@digg.com,Male,2015-10-12 20:52:16,Assistant Media Planner
Dore,Sammes,dsammesmt@livejournal.com,Bigender,1986-04-09 02:29:03,Cost Accountant
Gwenette,Reynard,greynardmu@topsy.com,Female,1964-08-04 05:24:32,Nurse Practicioner
Thayne,Kirsche,tkirschemv@jugem.jp,Genderqueer,2013-02-10 05:55:27,Payment Adjustment Coordinator
Karrie,Keaveney,kkeaveneymw@1688.com,Genderfluid,2003-07-27 01:12:19,Project Manager
Jonis,Giacomazzo,jgiacomazzomx@phoca.cz,Female,1998-08-16 14:50:21,Developer I
Gustaf,Skillman,gskillmanmy@alexa.com,Male,1955-01-13 10:18:17,Human Resources Manager
Ricki,Tourot,rtourotmz@uiuc.edu,Male,2009-12-26 02:57:43,Operator
Stanton,Killiner,skillinern0@nba.com,Polygender,1983-04-25 08:06:58,Research Assistant IV
Virginie,Skalls,vskallsn1@discovery.com,Non-binary,1963-12-18 16:25:14,VP Quality Control
Rafael,Basley,rbasleyn2@amazon.de,Genderqueer,2010-06-09 01:10:05,Research Assistant IV
Dominik,Huie,dhuien3@wikispaces.com,Genderqueer,1971-08-21 20:28:18,Recruiting Manager
Meaghan,Tayloe,mtayloen4@telegraph.co.uk,Non-binary,1959-05-03 09:34:04,Quality Engineer
Sascha,Markl,smarkln5@seattletimes.com,Bigender,1983-04-11 21:44:21,Computer Systems Analyst II
Aguistin,Saltrese,asaltresen6@stanford.edu,Agender,1969-08-25 15:08:04,Senior Financial Analyst
Brad,Rosengren,brosengrenn7@photobucket.com,Bigender,1969-11-20 07:17:07,Automation Specialist I
Em,Schubart,eschubartn8@usnews.com,Bigender,1984-10-15 11:53:41,Physical Therapy Assistant
Minni,Botterell,mbotterelln9@linkedin.com,Genderfluid,2018-01-21 22:17:20,Software Consultant
Celestina,Akast,cakastna@netscape.com,Female,2005-01-03 17:40:27,Technical Writer
Duke,Chiese,dchiesenb@sitemeter.com,Bigender,1989-02-28 22:56:36,Web Designer I
Al,Hartright,ahartrightnc@free.fr,Female,1957-09-04 16:45:40,Graphic Designer
Ole,Bartolijn,obartolijnnd@geocities.com,Non-binary,1954-08-04 02:33:18,Mechanical Systems Engineer
Juliane,Biner,jbinerne@abc.net.au,Genderfluid,1980-11-14 05:15:27,Chief Design Engineer
Constancy,Cicccitti,ccicccittinf@walmart.com,Bigender,1960-11-16 16:52:18,Environmental Specialist
Miltie,Stadding,mstaddingng@aboutads.info,Genderqueer,2010-04-06 09:51:17,Web Developer III
Koral,Cymper,kcympernh@1und1.de,Non-binary,1973-01-16 12:05:49,Structural Engineer
Renard,Viant,rviantni@photobucket.com,Genderfluid,1951-02-14 23:56:26,Data Coordiator
Giulietta,Ladell,gladellnj@delicious.com,Male,1987-02-24 02:53:52,Speech Pathologist
Corrine,Popescu,cpopescunk@fda.gov,Polygender,1986-10-17 19:14:08,Community Outreach Specialist
Bil,Pilgrim,bpilgrimnl@disqus.com,Bigender,2000-12-05 16:17:31,Internal Auditor
Isidore,Hendrick,ihendricknm@huffingtonpost.com,Non-binary,1991-12-04 12:13:58,Electrical Engineer
Xymenes,Tallboy,xtallboynn@parallels.com,Female,2004-06-26 23:10:33,Physical Therapy Assistant
Justis,Bunnell,jbunnellno@skyrock.com,Agender,1965-01-17 08:07:49,Compensation Analyst
Winthrop,Ornelas,wornelasnp@deliciousdays.com,Bigender,1969-08-01 06:42:35,Community Outreach Specialist
Karlie,Mackneis,kmackneisnq@mediafire.com,Female,1953-07-31 15:39:12,Systems Administrator II
Edmund,Yezafovich,eyezafovichnr@theguardian.com,Polygender,1999-03-11 01:28:46,Automation Specialist II
Daffy,Franiak,dfraniakns@wired.com,Non-binary,1998-05-13 12:34:15,Chief Design Engineer
Dita,Tidcomb,dtidcombnt@amazon.de,Female,1975-10-20 18:38:02,Media Manager I
See,Marflitt,smarflittnu@forbes.com,Genderqueer,1963-09-01 10:55:16,Senior Financial Analyst
Mavis,Lovat,mlovatnv@independent.co.uk,Female,1975-05-23 02:55:59,Recruiting Manager
Kim,Sebire,ksebirenw@ocn.ne.jp,Genderfluid,1964-03-19 10:31:29,Senior Cost Accountant
Kiel,Konig,kkonignx@ihg.com,Polygender,2005-04-30 15:39:11,Food Chemist
Cherri,Flockhart,cflockhartny@usatoday.com,Non-binary,1998-05-13 19:26:29,Marketing Assistant
Maddy,Leavy,mleavynz@liveinternet.ru,Female,2020-04-02 15:46:47,Environmental Tech
Muire,Dailey,mdaileyo0@edublogs.org,Polygender,2009-10-04 00:04:34,Actuary
Rog,Lakes,rlakeso1@istockphoto.com,Bigender,2007-12-20 23:42:45,Director of Sales
Krystal,Prichard,kprichardo2@mapquest.com,Agender,1975-02-10 14:55:32,Teacher
Cissy,Gallemore,cgallemoreo3@flickr.com,Bigender,2009-06-21 17:05:17,VP Product Management
Tiphany,Petel,tpetelo4@mashable.com,Male,1966-08-04 05:13:26,Office Assistant II
Maryjane,Sargeant,msargeanto5@geocities.jp,Male,2005-12-27 01:03:15,Chemical Engineer
Paige,Delacroux,pdelacrouxo6@studiopress.com,Male,1976-02-06 03:01:10,Software Engineer I
Gibb,Bertot,gbertoto7@psu.edu,Agender,1989-04-08 11:23:48,Web Developer III
Dorris,Autrie,dautrieo8@time.com,Agender,1992-05-09 14:53:30,Programmer Analyst IV
Sunshine,Pridie,spridieo9@devhub.com,Polygender,1995-07-16 08:48:12,VP Product Management
Kalila,Covey,kcoveyoa@godaddy.com,Genderfluid,1992-06-19 14:03:34,Speech Pathologist
Remington,Musprat,rmuspratob@facebook.com,Non-binary,2005-03-22 07:20:10,Editor
Hillyer,Consadine,hconsadineoc@kickstarter.com,Polygender,1996-06-11 04:33:29,Actuary
Rozalie,Gibbett,rgibbettod@hc360.com,Genderqueer,1988-04-27 20:25:45,Cost Accountant
Russ,Mathely,rmathelyoe@springer.com,Bigender,2020-03-01 19:58:29,Human Resources Assistant III
Edmon,Cockton,ecocktonof@geocities.jp,Genderqueer,2006-12-28 02:28:22,Database Administrator I
Yuma,Lardner,ylardnerog@ucla.edu,Genderqueer,1959-07-12 09:29:30,Quality Control Specialist
Mattias,Likly,mliklyoh@facebook.com,Female,1969-12-04 06:31:11,Professor
Ely,Fishley,efishleyoi@ucla.edu,Bigender,1965-09-19 12:34:39,Chief Design Engineer
Faye,Ziems,fziemsoj@zdnet.com,Bigender,1986-05-28 06:12:28,Social Worker
Ewart,Poppleston,epopplestonok@usa.gov,Female,1951-02-04 10:54:09,Recruiter
Aloise,Ponnsett,aponnsettol@reddit.com,Bigender,1960-03-29 09:10:00,Associate Professor
Christoffer,Buckthorp,cbuckthorpom@furl.net,Bigender,1984-02-15 07:36:18,Recruiting Manager
Baxie,Loadman,bloadmanon@nsw.gov.au,Polygender,1998-05-08 07:01:21,Legal Assistant
Kaine,McCaffery,kmccafferyoo@de.vu,Female,1972-10-03 09:31:15,VP Marketing
Roselia,McGregor,rmcgregorop@unblog.fr,Genderqueer,1984-07-29 12:26:56,Community Outreach Specialist
Marget,Earry,mearryoq@mtv.com,Polygender,1974-10-02 18:51:13,Cost Accountant
Sadella,Henriet,shenrietor@creativecommons.org,Non-binary,1992-03-14 03:20:39,Assistant Professor
Willabella,Pert,wpertos@dion.ne.jp,Polygender,1996-03-06 14:46:27,Office Assistant I
Bendix,Richter,brichterot@tuttocitta.it,Agender,1974-01-19 20:44:31,Senior Developer
Titus,Kencott,tkencottou@ox.ac.uk,Non-binary,2006-09-06 00:18:50,Environmental Specialist
Fiorenze,Bertram,fbertramov@meetup.com,Genderqueer,1987-05-01 14:24:28,Nurse
Concettina,McKelvie,cmckelvieow@businessweek.com,Polygender,1987-01-19 06:03:35,Research Nurse
Onida,Jobson,ojobsonox@pcworld.com,Male,2016-02-11 07:28:27,Safety Technician III
Julius,Trebbett,jtrebbettoy@amazon.com,Female,2005-05-02 22:53:07,Actuary
Bill,Barrie,bbarrieoz@e-recht24.de,Female,1953-06-14 07:49:42,VP Quality Control
Artemas,Bedenham,abedenhamp0@abc.net.au,Genderfluid,1988-12-21 02:08:33,Research Assistant I
Tyler,Skeech,tskeechp1@cyberchimps.com,Polygender,2001-10-27 22:13:51,Marketing Manager
Nicky,Godsell,ngodsellp2@seesaa.net,Female,1968-03-15 04:03:00,Safety Technician II
Herbie,Coates,hcoatesp3@stanford.edu,Female,2007-11-05 21:43:32,Financial Advisor
Evelyn,Sympson,esympsonp4@goo.ne.jp,Polygender,1997-11-29 02:44:45,Biostatistician III
Dedra,Wehden,dwehdenp5@webnode.com,Genderfluid,1983-07-30 18:19:23,Social Worker
Mick,Ronchka,mronchkap6@wordpress.com,Female,2009-09-06 08:52:25,Budget/Accounting Analyst I
Cosmo,Spybey,cspybeyp7@google.nl,Bigender,1951-06-07 16:29:01,Marketing Assistant
Conny,Hanny,channyp8@oakley.com,Polygender,1987-02-28 01:00:26,Geologist III
Cinnamon,Hadcock,chadcockp9@sciencedaily.com,Female,2011-11-11 03:51:10,Sales Representative
Julian,Beeres,jbeerespa@meetup.com,Genderqueer,1987-06-01 03:56:15,Community Outreach Specialist
Lon,Bredbury,lbredburypb@cbc.ca,Non-binary,1970-08-14 20:41:44,Paralegal
Miguelita,Moulds,mmouldspc@wiley.com,Agender,1998-03-20 11:16:17,Media Manager III
Janean,Kohler,jkohlerpd@tinypic.com,Genderfluid,1974-03-07 10:49:15,Chief Design Engineer
Karalynn,Le Brun,klebrunpe@mashable.com,Genderqueer,1961-02-10 16:14:42,Speech Pathologist
Luke,Portugal,lportugalpf@state.tx.us,Agender,1998-02-27 19:22:42,Occupational Therapist
Odele,McGrotty,omcgrottypg@dropbox.com,Male,1999-02-05 17:15:40,Food Chemist
Sibyl,Jerred,sjerredph@walmart.com,Polygender,2004-11-13 19:24:32,Food Chemist
Kipp,Halliburton,khalliburtonpi@shinystat.com,Genderfluid,1991-07-22 06:09:46,Assistant Manager
Carmine,Draisey,cdraiseypj@theatlantic.com,Polygender,1997-02-12 01:03:03,Civil Engineer
Correna,Tibald,ctibaldpk@netvibes.com,Polygender,2002-06-29 07:47:00,Assistant Media Planner
Lev,Gianiello,lgianiellopl@nature.com,Genderfluid,2019-04-10 00:45:56,Research Assistant II
Eward,Hanscome,ehanscomepm@geocities.jp,Genderfluid,1983-12-04 20:51:19,Professor
Ches,Scrace,cscracepn@mac.com,Bigender,1969-07-15 22:30:08,Associate Professor
Emmit,Pawfoot,epawfootpo@va.gov,Genderfluid,2005-04-01 07:08:17,Business Systems Development Analyst
Rowan,Harback,rharbackpp@earthlink.net,Non-binary,1952-05-25 18:20:08,Budget/Accounting Analyst III
Harriot,Bartoszinski,hbartoszinskipq@examiner.com,Male,1952-10-20 11:29:13,Quality Control Specialist
Ginnifer,Graham,ggrahampr@ihg.com,Male,1989-03-18 12:24:59,Speech Pathologist
Halette,Scanterbury,hscanterburyps@a8.net,Genderfluid,1996-05-14 16:49:07,VP Product Management
Audrie,Fleay,afleaypt@desdev.cn,Polygender,1989-10-09 00:04:56,Programmer III
Sophia,Bolino,sbolinopu@alibaba.com,Bigender,2012-04-01 12:52:19,Mechanical Systems Engineer
Kristine,McParlin,kmcparlinpv@arizona.edu,Bigender,2012-09-22 20:39:54,Marketing Manager
Gabbie,Waltho,gwalthopw@dyndns.org,Female,1969-11-21 19:58:56,Professor
Teriann,Tinson,ttinsonpx@woothemes.com,Bigender,1970-10-08 23:21:54,General Manager
Cynthea,Murrum,cmurrumpy@fastcompany.com,Agender,1987-04-07 09:11:54,Payment Adjustment Coordinator
Reine,Acton,ractonpz@mashable.com,Female,1984-02-09 17:45:29,Nurse Practicioner
Chloris,Yewdell,cyewdellq0@miitbeian.gov.cn,Non-binary,1971-07-21 02:05:15,Chief Design Engineer
Shelagh,Walshe,swalsheq1@stumbleupon.com,Bigender,1953-11-29 03:15:43,Statistician II
Arlyn,Hartus,ahartusq2@cbsnews.com,Genderqueer,1968-08-04 07:57:40,Legal Assistant
Ranee,Kippie,rkippieq3@netscape.com,Male,1992-11-06 05:05:11,Occupational Therapist
Leela,Ody,lodyq4@prlog.org,Agender,2003-02-27 14:44:12,Assistant Professor
Sherilyn,Bullier,sbullierq5@geocities.jp,Non-binary,1965-11-21 15:36:41,Account Executive
Fransisco,Rogger,froggerq6@cargocollective.com,Agender,1958-10-09 19:42:17,Pharmacist
Kirstyn,Durbyn,kdurbynq7@feedburner.com,Genderqueer,1953-09-20 11:50:42,Quality Control Specialist
Jaimie,Broomhall,jbroomhallq8@uiuc.edu,Polygender,2005-11-03 04:07:12,Community Outreach Specialist
Rockie,Foyle,rfoyleq9@myspace.com,Non-binary,1961-11-23 14:05:02,VP Product Management
Oswald,Voce,ovoceqa@hugedomains.com,Non-binary,1989-11-12 02:49:48,Structural Engineer
Marie,Tonbye,mtonbyeqb@wikia.com,Bigender,2009-07-07 09:47:33,Quality Control Specialist
Andrei,Begbie,abegbieqc@narod.ru,Polygender,1997-03-28 00:00:50,Design Engineer
Orelle,Mammatt,omammattqd@thetimes.co.uk,Non-binary,1969-03-23 08:02:48,Speech Pathologist
Ian,Jovicic,ijovicicqe@51.la,Agender,2021-01-30 10:11:33,VP Accounting
Garrot,Duckitt,gduckittqf@fc2.com,Non-binary,1994-03-30 11:31:01,VP Marketing
Lanny,Breslauer,lbreslauerqg@wordpress.org,Female,2021-06-15 10:36:36,Dental Hygienist
Zebadiah,Colter,zcolterqh@go.com,Agender,1995-06-25 00:18:01,Software Engineer I
Jacquelin,Collomosse,jcollomosseqi@cbsnews.com,Genderqueer,2009-07-02 18:50:12,VP Quality Control
Skipper,Kynston,skynstonqj@utexas.edu,Polygender,1952-08-06 11:24:42,Analog Circuit Design manager
Georg,Shorten,gshortenqk@google.nl,Genderfluid,2014-05-14 23:39:32,Financial Analyst
Fayre,Romi,fromiql@sohu.com,Genderfluid,1961-07-26 04:50:19,Assistant Professor
Mellicent,Chrestien,mchrestienqm@goo.gl,Bigender,1976-02-11 18:15:34,Technical Writer
Leonerd,Heninghem,lheninghemqn@usatoday.com,Male,2018-03-29 10:54:55,Occupational Therapist
Beulah,Cunniffe,bcunniffeqo@about.me,Genderfluid,1999-08-14 16:36:19,Associate Professor
Donica,Spondley,dspondleyqp@vk.com,Female,2000-05-30 23:45:38,Environmental Tech
Jordan,Dewfall,jdewfallqq@issuu.com,Non-binary,2011-04-05 02:09:47,Pharmacist
Clemmie,Divine,cdivineqr@123-reg.co.uk,Agender,1954-01-17 20:52:59,Assistant Professor
Alie,Suche,asucheqs@bloglines.com,Polygender,1976-03-25 09:11:51,Senior Cost Accountant
Stacy,Robley,srobleyqt@pbs.org,Male,1958-04-24 11:14:01,Speech Pathologist
Arturo,Rowan,arowanqu@princeton.edu,Polygender,1968-06-28 14:35:53,Environmental Tech
Riva,Clashe,rclasheqv@creativecommons.org,Agender,1980-10-17 13:30:32,Analog Circuit Design manager
Stern,Pirson,spirsonqw@gnu.org,Polygender,2001-04-19 08:22:28,Paralegal
Brenna,Pioch,bpiochqx@facebook.com,Male,1992-10-24 18:32:29,Accountant II
Etheline,Stuer,estuerqy@infoseek.co.jp,Bigender,1964-01-08 02:03:26,Account Coordinator
Gipsy,Standall,gstandallqz@themeforest.net,Female,2016-08-12 22:42:59,Software Consultant
Hewie,Wall,hwallr0@devhub.com,Bigender,2018-04-10 01:30:09,Help Desk Technician
Tamma,Wilder,twilderr1@mediafire.com,Male,2003-12-02 21:02:40,Software Consultant
Dolf,McShee,dmcsheer2@exblog.jp,Male,1992-04-02 02:11:07,Structural Analysis Engineer
Dieter,Feechum,dfeechumr3@reuters.com,Agender,1990-12-30 21:22:35,Geologist III
Andre,Vahey,avaheyr4@usnews.com,Agender,1960-09-16 07:29:20,Associate Professor
Yevette,Tattersdill,ytattersdillr5@nyu.edu,Male,1961-10-04 00:16:18,Automation Specialist III
Lauryn,Tackle,ltackler6@usda.gov,Male,1961-02-07 00:18:55,VP Marketing
Auguste,McCromley,amccromleyr7@so-net.ne.jp,Polygender,1962-08-31 11:26:22,Accounting Assistant II
Elspeth,Lyddyard,elyddyardr8@comsenz.com,Male,1959-10-25 15:50:33,Cost Accountant
Salvatore,Lydiatt,slydiattr9@themeforest.net,Male,1978-09-28 13:18:11,Geological Engineer
Annecorinne,Rimell,arimellra@washingtonpost.com,Male,2015-09-07 14:25:43,Clinical Specialist
Jacquetta,Burgisi,jburgisirb@bravesites.com,Male,2013-11-04 07:29:32,Librarian
Lay,Arrighini,larrighinirc@examiner.com,Polygender,1979-10-19 02:36:27,Teacher
Barby,Doogood,bdoogoodrd@army.mil,Agender,1973-05-26 04:06:50,Payment Adjustment Coordinator
Ikey,Hawkyens,ihawkyensre@godaddy.com,Genderfluid,1955-09-19 18:37:28,Pharmacist
Alexis,Guerin,aguerinrf@gov.uk,Agender,1998-09-21 19:22:00,Account Coordinator
Kendra,Fridd,kfriddrg@comsenz.com,Genderqueer,1998-02-23 15:16:36,Human Resources Manager
Brad,Haliburn,bhaliburnrh@vinaora.com,Male,1969-07-18 21:59:02,Executive Secretary
Nannie,Norrington,nnorringtonri@nba.com,Male,2019-06-07 23:10:50,Staff Accountant IV
Aldridge,Boadby,aboadbyrj@people.com.cn,Genderqueer,2004-08-27 11:25:28,Web Developer II
Renard,Creedland,rcreedlandrk@wikipedia.org,Genderfluid,1978-08-16 10:49:49,Senior Sales Associate
Chad,Mateu,cmateurl@w3.org,Agender,2017-06-06 12:53:35,GIS Technical Architect
Linea,Drayn,ldraynrm@phoca.cz,Genderqueer,2007-02-05 10:51:03,Community Outreach Specialist
Phineas,Swire,pswirern@ox.ac.uk,Non-binary,1951-11-01 09:50:14,Programmer I
Frank,Ironside,fironsidero@nps.gov,Female,1975-08-15 14:31:07,Food Chemist
Jessie,Eames,jeamesrp@wordpress.com,Male,1959-08-28 20:02:49,Teacher
Betti,Kinvan,bkinvanrq@soup.io,Polygender,2008-11-19 18:57:08,Structural Analysis Engineer
Skippie,Benech,sbenechrr@fema.gov,Genderfluid,1965-08-17 06:47:48,Marketing Assistant
